outcome,coefficient,estimate_root210,estimate_verification,absolute_difference,relative_difference,SE_root210,SE_verification,SE_absolute_difference,SE_relative_difference,CI_root210_low,CI_root210_high,CI_verification_low,CI_verification_high,p_root210,p_verification,direction_match,significance_conclusion_match,materially_consistent,verification_optimizer,verification_converged,verification_warnings
path_length_norm,Intercept,0.1587205177296816,0.1587205157114202,2.018261363589957e-09,1.2715818927879742e-08,0.1524018481182195,0.1524833959648186,8.154784659916703e-05,0.0005350843681102,-0.1399871045820285,0.4574281400413919,-0.1401469403796243,0.4575879718024648,0.2976618374914918,0.2979202910355785,True,True,True,cg/default_start,True,OPTIMIZER_AUDIT: cg/default_start:llf=-253.852802912926 || bfgs/default_start:llf=-253.852802912928 || powell/default_start:llf=-253.852802913303
path_length_norm,device_ATG,-0.8871096242019556,-0.887109623973936,2.2801960319895895e-10,2.5703655667594126e-10,0.1002594385920672,0.1002610217903555,1.583198288385157e-06,1.5791014897129335e-05,-1.0836181238424074,-0.6906011245615037,-1.083621226683033,-0.690598021264839,8.898937502359622e-19,8.91008304777235e-19,True,True,True,cg/default_start,True,OPTIMIZER_AUDIT: cg/default_start:llf=-253.852802912926 || bfgs/default_start:llf=-253.852802912928 || powell/default_start:llf=-253.852802913303
path_length_norm,device_CON,-1.055475802610833,-1.055475803058513,4.4767989315630525e-10,4.2414984033638746e-10,0.0962484058675418,0.096254761464849,6.355597307203253e-06,6.603327348558793e-05,-1.2441226781112151,-0.866828927110451,-1.244135135529617,-0.866816470587409,5.558070476243976e-28,5.602741863701663e-28,True,True,True,cg/default_start,True,OPTIMIZER_AUDIT: cg/default_start:llf=-253.852802912926 || bfgs/default_start:llf=-253.852802912928 || powell/default_start:llf=-253.852802913303
path_length_norm,expertise_Intermediate,0.094988931716428,0.0949889297852708,1.9311571369806653e-09,2.0330338515078584e-08,0.2138215093164535,0.2138747225735409,5.321325708743108e-05,0.000248867652546,-0.3241012265438208,0.514079089976677,-0.3242055264588693,0.514183386029411,0.6568661529411552,0.6569460652331153,True,True,True,cg/default_start,True,OPTIMIZER_AUDIT: cg/default_start:llf=-253.852802912926 || bfgs/default_start:llf=-253.852802912928 || powell/default_start:llf=-253.852802913303
path_length_norm,expertise_Expert,-0.5343187180596982,-0.5343187222005716,4.140873421931701e-09,7.749819128494486e-09,0.2837751957822388,0.283959539417993,0.0001843436357542,0.0006496115181811,-1.0905181017928862,0.0218806656734897,-1.090879419459838,0.0222419750586947,0.0597146845678498,0.059880560004833,True,True,True,cg/default_start,True,OPTIMIZER_AUDIT: cg/default_start:llf=-253.852802912926 || bfgs/default_start:llf=-253.852802912928 || powell/default_start:llf=-253.852802913303
path_length_norm,hand_right,0.9044575263623474,0.904457528339419,1.977071506509276e-09,2.185919679900163e-09,0.1046182061374814,0.1047321785320598,0.0001139723945784,0.0010894126250709,0.6994058423328837,1.1095092103918112,0.6991824584165817,1.1097325982622563,5.3656260661663584e-18,5.826204755638112e-18,True,True,True,cg/default_start,True,OPTIMIZER_AUDIT: cg/default_start:llf=-253.852802912926 || bfgs/default_start:llf=-253.852802912928 || powell/default_start:llf=-253.852802913303
path_length_norm,round_centered,-0.0940052387711936,-0.0940052393798585,6.086649101399998e-10,6.474797767616708e-09,0.0278878006939645,0.0279283168593154,4.051616535096295e-05,0.0014528275569515,-0.1486653281313641,-0.0393451494110232,-0.1487447404241168,-0.0392657383356002,0.000749401029503,0.0007628131355035,True,True,True,cg/default_start,True,OPTIMIZER_AUDIT: cg/default_start:llf=-253.852802912926 || bfgs/default_start:llf=-253.852802912928 || powell/default_start:llf=-253.852802913303
path_efficiency,Intercept,-0.2800251148883337,-0.2800250972361957,1.7652137973556137e-08,6.30376956745302e-08,0.1953948289114967,0.1954269592257644,3.2130314267742044e-05,0.0001644378945273,-0.6629989795548673,0.1029487497781997,-0.6630619373186941,0.1030117428463026,0.1518222633252082,0.1518896241404877,True,True,True,bfgs/default_start,True,OPTIMIZER_AUDIT: bfgs/default_start:llf=-339.637393417847 || cg/default_start:llf=-339.637393417849 || powell/default_start:llf=-339.637393417912
path_efficiency,device_ATG,0.2404582478431716,0.2404582497884692,1.945297672945045e-09,8.089960275406237e-09,0.1423524862978499,0.1423530127609341,5.2646308421056e-07,3.698306210887106e-06,-0.0385526253006141,0.5194691209869574,-0.0385536552229615,0.5194701547999001,0.091185916183272,0.0911871103868844,True,True,True,bfgs/default_start,True,OPTIMIZER_AUDIT: bfgs/default_start:llf=-339.637393417847 || cg/default_start:llf=-339.637393417849 || powell/default_start:llf=-339.637393417912
path_efficiency,device_CON,0.3779567121744672,0.3779567146002315,2.425764367153249e-09,6.418101039130378e-09,0.1367951571052182,0.136796012934992,8.558297738547882e-07,6.256287078909621e-06,0.1098382042482395,0.646075220100695,0.1098365292476471,0.6460768999528159,0.0057283422757734,0.0057286453326122,True,True,True,bfgs/default_start,True,OPTIMIZER_AUDIT: bfgs/default_start:llf=-339.637393417847 || cg/default_start:llf=-339.637393417849 || powell/default_start:llf=-339.637393417912
path_efficiency,expertise_Intermediate,-0.0618859972267258,-0.0618860680578788,7.083115305395182e-08,1.1445424850221693e-06,0.262507237089217,0.2628909853651541,0.0003837482759371,0.0014618578908234,-0.5764001819215911,0.4526281874681394,-0.577152399373581,0.4533802632578232,0.8136269168698691,0.8138937690548338,True,True,True,bfgs/default_start,True,OPTIMIZER_AUDIT: bfgs/default_start:llf=-339.637393417847 || cg/default_start:llf=-339.637393417849 || powell/default_start:llf=-339.637393417912
path_efficiency,expertise_Expert,0.5372672220827654,0.5372673828851502,1.6080238474103228e-07,2.9929684546484546e-07,0.3506313761449275,0.3521094964937704,0.0014781203488429,0.0042155963482057,-0.1499702751612924,1.2245047193268237,-0.1528672302426398,1.22740199601294,0.1254521041918227,0.1270464416207257,True,True,True,bfgs/default_start,True,OPTIMIZER_AUDIT: bfgs/default_start:llf=-339.637393417847 || cg/default_start:llf=-339.637393417849 || powell/default_start:llf=-339.637393417912
path_efficiency,hand_right,0.0023913157205497,0.0023912804639071,3.525664258631489e-08,1.4743616781062404e-05,0.1461371598717877,0.1463078851361687,0.000170725264381,0.0011682536086701,-0.2840375176281541,0.2888201490692536,-0.2843721744029835,0.2891547353307978,0.9869443969639048,0.986959822309333,True,True,True,bfgs/default_start,True,OPTIMIZER_AUDIT: bfgs/default_start:llf=-339.637393417847 || cg/default_start:llf=-339.637393417849 || powell/default_start:llf=-339.637393417912
path_efficiency,round_centered,0.0679095751592173,0.0679095675033279,7.655889366908752e-09,1.1273652277987525e-07,0.0396799726877456,0.0397096228649568,2.9650177211210105e-05,0.0007472328029189,-0.0098631713087642,0.1456823216271988,-0.0099212933119874,0.1457404283186432,0.0870013934685744,0.087237412781476,True,True,True,bfgs/default_start,True,OPTIMIZER_AUDIT: bfgs/default_start:llf=-339.637393417847 || cg/default_start:llf=-339.637393417849 || powell/default_start:llf=-339.637393417912
mean_speed_norm_s,Intercept,-0.3505252953827003,-0.3505248219556713,4.73427028968576e-07,1.3506215819651268e-06,0.174798277364974,0.1772617878030373,0.0024635104380633,0.0140934480316393,-0.6931299190180495,-0.007920671747351,-0.6979579260496245,-0.0030917178617181,0.0449295730442223,0.0479917428510041,True,True,True,cg/default_start,True,OPTIMIZER_AUDIT: cg/default_start:llf=-288.663641760466 || powell/default_start:llf=-288.663641761395 || bfgs/default_start:llf=-288.663641812289
mean_speed_norm_s,device_ATG,-0.6137627155808837,-0.6137627602666734,4.468578973515491e-08,7.280629565916679e-08,0.1151917733308264,0.1152253322983212,3.3558967494809466e-05,0.0002913312862927,-0.8395385913093035,-0.3879868398524638,-0.839604411571383,-0.3879211089619638,9.920077821786328e-08,1.0005144780440701e-07,True,True,True,cg/default_start,True,OPTIMIZER_AUDIT: cg/default_start:llf=-288.663641760466 || powell/default_start:llf=-288.663641761395 || bfgs/default_start:llf=-288.663641812289
mean_speed_norm_s,device_CON,-0.6232444894319163,-0.6232445829646686,9.353275221002377e-08,1.5007393373871357e-07,0.1105850122162945,0.1107380095736703,0.0001529973573758,0.001383527064921,-0.8399911133758536,-0.406497865487979,-0.8402910817290625,-0.4061980842002746,1.7416086680315052e-08,1.8220553643022112e-08,True,True,True,cg/default_start,True,OPTIMIZER_AUDIT: cg/default_start:llf=-288.663641760466 || powell/default_start:llf=-288.663641761395 || bfgs/default_start:llf=-288.663641812289
mean_speed_norm_s,expertise_Intermediate,0.1312950567042237,0.1312950854407798,2.87365561624231e-08,2.1887005408862938e-07,0.2450821876544925,0.2450880589328357,5.871278343200226e-06,2.395636500306309e-05,-0.3490660310985817,0.6116561445070291,-0.3490775100675781,0.6116676809491378,0.5921531306685544,0.5921619205421776,True,True,True,cg/default_start,True,OPTIMIZER_AUDIT: cg/default_start:llf=-288.663641760466 || powell/default_start:llf=-288.663641761395 || bfgs/default_start:llf=-288.663641812289
mean_speed_norm_s,expertise_Expert,-0.00886827367479,-0.0088687120794684,4.384046784159518e-07,4.943517695695528e-05,0.3252963588324933,0.326436844803144,0.0011404859706507,0.003505990582692,-0.6464491369864769,0.6287125896368968,-0.6486849278936307,0.630947503734694,0.9782506564851496,0.9783255531822196,True,True,True,cg/default_start,True,OPTIMIZER_AUDIT: cg/default_start:llf=-288.663641760466 || powell/default_start:llf=-288.663641761395 || bfgs/default_start:llf=-288.663641812289
mean_speed_norm_s,hand_right,1.0679578488742132,1.0679573925266848,4.563475284324881e-07,4.273085580236583e-07,0.120171689005899,0.1234795212825037,0.0033078322766047,0.0275258865375718,0.832421338422651,1.3034943593257755,0.8259375308129774,1.309977254240392,6.281839344898455e-19,5.201532067630405e-18,True,True,True,cg/default_start,True,OPTIMIZER_AUDIT: cg/default_start:llf=-288.663641760466 || powell/default_start:llf=-288.663641761395 || bfgs/default_start:llf=-288.663641812289
mean_speed_norm_s,round_centered,0.0848912465647618,0.0848912622496712,1.568490949621637e-08,1.847647446695305e-07,0.0320423440924674,0.0320572045457755,1.4860453308125632e-05,0.0004637754736432,0.0220882521435257,0.147694240985998,0.0220591413399512,0.1477233831593913,0.0080647789495281,0.0080941253485189,True,True,True,cg/default_start,True,OPTIMIZER_AUDIT: cg/default_start:llf=-288.663641760466 || powell/default_start:llf=-288.663641761395 || bfgs/default_start:llf=-288.663641812289
log_dimensionless_jerk,Intercept,-0.4277413525655013,-0.4277413807141106,2.81486093878236e-08,6.580754752607914e-08,0.1751699114781545,0.1758872922325221,0.0007173807543676,0.0040953423354163,-0.7710743790626842,-0.0844083260683184,-0.772480473489854,-0.0830022879383673,0.014611591735218,0.0150196001231239,True,True,True,bfgs/default_start,True,OPTIMIZER_AUDIT: bfgs/default_start:llf=-321.839314100524 || cg/default_start:llf=-321.839314100671 || powell/default_start:llf=-321.839314114851
log_dimensionless_jerk,device_ATG,-0.2098580635651335,-0.2098580601583175,3.406815940465435e-09,1.623390534816435e-08,0.1330845873447262,0.1330984431132589,1.385576853271675e-05,0.0001041124957379,-0.470703854760797,0.0509877276305299,-0.470731008660305,0.0510148883436698,0.1148237627398175,0.1148615524709264,True,True,True,bfgs/default_start,True,OPTIMIZER_AUDIT: bfgs/default_start:llf=-321.839314100524 || cg/default_start:llf=-321.839314100671 || powell/default_start:llf=-321.839314114851
log_dimensionless_jerk,device_CON,-0.0986106399016652,-0.0986106327185476,7.183117559095287e-09,7.28432303680243e-08,0.1279517652499248,0.1280158293117911,6.406406186632019e-05,0.000500689160022,-0.3493960997915178,0.1521748199881874,-0.3495216581696582,0.1523003927325629,0.4408930455330941,0.4411217738625416,True,True,True,bfgs/default_start,True,OPTIMIZER_AUDIT: bfgs/default_start:llf=-321.839314100524 || cg/default_start:llf=-321.839314100671 || powell/default_start:llf=-321.839314114851
log_dimensionless_jerk,expertise_Intermediate,0.1239484341786234,0.1239484754013399,4.122271650419673e-08,3.3257956647350814e-07,0.23053797207845,0.2317064501167208,0.0011684780382708,0.0050684840667947,-0.3279059910951386,0.5758028594523855,-0.3301961668274328,0.5780931176301127,0.5908196223396122,0.592693057621516,True,True,True,bfgs/default_start,True,OPTIMIZER_AUDIT: bfgs/default_start:llf=-321.839314100524 || cg/default_start:llf=-321.839314100671 || powell/default_start:llf=-321.839314114851
log_dimensionless_jerk,expertise_Expert,0.4789527608083686,0.4789528276057987,6.679743008719542e-08,1.394655915010403e-07,0.3088068643282471,0.311094603461612,0.0022877391333649,0.0074083169697069,-0.1263086932749956,1.0842142148917329,-0.1307925951789609,1.0886982503905585,0.1209068724612461,0.1236644901417761,True,True,True,bfgs/default_start,True,OPTIMIZER_AUDIT: bfgs/default_start:llf=-321.839314100524 || cg/default_start:llf=-321.839314100671 || powell/default_start:llf=-321.839314114851
log_dimensionless_jerk,hand_right,0.628185768598446,0.6281857575689382,1.1029507751558754e-08,1.7557716686525454e-08,0.1354675260850846,0.1356101597120981,0.0001426336270135,0.0010528990314914,0.3626694174716801,0.893702119725212,0.3623898445332258,0.8939816706046506,3.532141587661543e-06,3.6164089156332864e-06,True,True,True,bfgs/default_start,True,OPTIMIZER_AUDIT: bfgs/default_start:llf=-321.839314100524 || cg/default_start:llf=-321.839314100671 || powell/default_start:llf=-321.839314114851
log_dimensionless_jerk,round_centered,0.121046961795474,0.1210469571956666,4.5998073405773e-09,3.800018829344372e-08,0.0371342481815082,0.0372246826036314,9.043442212323256e-05,0.0024353373651514,0.0482638353597178,0.1938300882312303,0.048086579292549,0.1940073350987842,0.0011152531890473,0.0011467956363714,True,True,True,bfgs/default_start,True,OPTIMIZER_AUDIT: bfgs/default_start:llf=-321.839314100524 || cg/default_start:llf=-321.839314100671 || powell/default_start:llf=-321.839314114851
stillness_fraction_observed_tracking,Intercept,0.1568421018101407,0.1568419029798771,1.988302635036465e-07,1.2677097616578298e-06,0.1514471673483305,0.1514873950189077,4.0227670577264174e-05,0.0002656218091206,-0.1399943461925871,0.4536785498128686,-0.140073391257182,0.4537571972169364,0.3003782670416688,0.3005072482382822,True,True,True,cg/default_start,True,OPTIMIZER_AUDIT: cg/default_start:llf=-328.459020326933 || powell/default_start:llf=-328.459020327588 || lbfgs/default_start:llf=-334.680544482383
stillness_fraction_observed_tracking,device_ATG,0.3403958247939518,0.3403961285156083,3.03721656547129e-07,8.922602288996277e-07,0.1387851305150071,0.1388895055866506,0.0001043750716435,0.0007520623517533,0.0683769689845379,0.6124146806033658,0.0681726975657731,0.6126195594654436,0.0141795534002221,0.0142522797734819,True,True,True,cg/default_start,True,OPTIMIZER_AUDIT: cg/default_start:llf=-328.459020326933 || powell/default_start:llf=-328.459020327588 || lbfgs/default_start:llf=-334.680544482383
stillness_fraction_observed_tracking,device_CON,0.5280077021802656,0.528008163172585,4.609923194287546e-07,8.73078778065568e-07,0.1338058098980757,0.1340550031164279,0.0002491932183522,0.0018623497630037,0.2657483147800371,0.7902670895804941,0.2652603570643863,0.7907559692807837,7.944288523140125e-05,8.190971639884346e-05,True,True,True,cg/default_start,True,OPTIMIZER_AUDIT: cg/default_start:llf=-328.459020326933 || powell/default_start:llf=-328.459020327588 || lbfgs/default_start:llf=-334.680544482383
stillness_fraction_observed_tracking,expertise_Intermediate,0.0235415807335703,0.0235411522346302,4.2849894003882404e-07,1.8201791327792373e-05,0.1776033048325373,0.1777639737667545,0.0001606689342172,0.0009046505883926,-0.3245608967382027,0.3716440582053435,-0.3248762363482086,0.3719585408174691,0.8945481078297325,0.8946447690851305,True,True,True,cg/default_start,True,OPTIMIZER_AUDIT: cg/default_start:llf=-328.459020326933 || powell/default_start:llf=-328.459020327588 || lbfgs/default_start:llf=-334.680544482383
stillness_fraction_observed_tracking,expertise_Expert,-0.0419510843726861,-0.0419501924864044,8.91886281627341e-07,2.1260148455376725e-05,0.2413848669533343,0.2418996734518363,0.000514806498502,0.0021327206837766,-0.5150654236012215,0.4311632548558492,-0.5160735524520037,0.4321731674791947,0.8620278717531585,0.8623214643829743,True,True,True,cg/default_start,True,OPTIMIZER_AUDIT: cg/default_start:llf=-328.459020326933 || powell/default_start:llf=-328.459020327588 || lbfgs/default_start:llf=-334.680544482383
stillness_fraction_observed_tracking,hand_right,-0.6849223409775118,-0.6849228501718417,5.091943299229129e-07,7.434336704453205e-07,0.133398484797307,0.1337030515449034,0.0003045667475964,0.0022831349850728,-0.9463833711802336,-0.4234613107747901,-0.9469808311998524,-0.422864869143831,2.830324469637743e-07,3.011647256125195e-07,True,True,True,cg/default_start,True,OPTIMIZER_AUDIT: cg/default_start:llf=-328.459020326933 || powell/default_start:llf=-328.459020327588 || lbfgs/default_start:llf=-334.680544482383
stillness_fraction_observed_tracking,round_centered,-0.029009346163055,-0.0290092975189504,4.8644104591599735e-08,1.676842501660747e-06,0.0389443105713233,0.0389538726365962,9.562065272937514e-06,0.0002455317640153,-0.1053401948828487,0.0473215025567385,-0.105358887886679,0.0473402928487782,0.4563363787922,0.4564476885350252,True,True,True,cg/default_start,True,OPTIMIZER_AUDIT: cg/default_start:llf=-328.459020326933 || powell/default_start:llf=-328.459020327588 || lbfgs/default_start:llf=-334.680544482383
