outcome,status,optimizer,warnings,loglike_nested,AIC_nested,AIC_standard_participant_only,AIC_delta_nested_minus_standard,participant_random_variance,attempt_random_variance,residual_variance,attempt_variance_fraction_total,converged,row_type,contrast,participant_only_estimate,nested_attempt_estimate,absolute_change,relative_change,direction_match,participant_only_q_bh,nested_q_bh,participant_only_FDR_significant,nested_FDR_significant,effect_size_material_change_warning
path_length_norm,PASS,lbfgs,OPTIMIZER_AUDIT: lbfgs:llf=-249.578919764178 || bfgs:llf=-249.578919818221 || cg:llf=-249.578919841530 || powell:llf=-249.579727992612,-249.57891976417807,519.1578395283561,525.7056058258515,-6.5477662974954,0.1319997326661021,0.227504917413858,0.1774171119237932,0.423720797914441,True,MODEL_QC,,,,,,,,,,,
path_efficiency,PASS,powell,OPTIMIZER_AUDIT: powell:llf=-335.336590217512 || lbfgs:llf=-335.336590224130 || cg:llf=-335.336590249148 || bfgs:llf=-335.336590293941,-335.3365902175116,690.6731804350231,697.2747868356935,-6.601606400670335,0.1819789673399587,0.3064807015517761,0.4820416131892391,0.3157962871461769,True,MODEL_QC,,,,,,,,,,,
mean_speed_norm_s,PASS,cg,OPTIMIZER_AUDIT: cg:llf=-288.020712452750 || bfgs:llf=-288.020712456184 || lbfgs:llf=-288.020712556795 || powell:llf=-288.021356501056,-288.02071245274976,596.0414249054995,595.327283520933,0.7141413845665738,0.1875691403852395,0.0966414911415695,0.4178712018555222,0.1376498957051658,True,MODEL_QC,,,,,,,,,,,
log_dimensionless_jerk,PASS,cg,OPTIMIZER_AUDIT: cg:llf=-318.127949309740 || bfgs:llf=-318.127949363818 || lbfgs:llf=-318.127949366841 || powell:llf=-318.128283403122,-318.1279493097396,656.2558986194792,661.6786282010487,-5.422729581569456,0.1508722008683641,0.2858929243363051,0.4065121912210093,0.3390259867869955,True,MODEL_QC,,,,,,,,,,,
stillness_fraction_observed_tracking,PASS,cg,OPTIMIZER_AUDIT: cg:llf=-326.532201738226 || bfgs:llf=-326.532201823493 || lbfgs:llf=-326.532201858776 || powell:llf=-326.532227683931,-326.5322017382258,673.0644034764516,674.9180406538669,-1.853637177415294,0.0431189274803594,0.5366758893510866,0.2959327898205449,0.6128342709245644,True,MODEL_QC,,,,,,,,,,,
mean_speed_norm_s,,,,,,,,,,,,,HEADLINE_CONTRAST,ATG_vs_MST,-0.6137627602666734,-0.6129251266346563,0.0008376336320171,0.0013647514744185,True,3.751929292665263e-07,7.817460621355347e-07,True,True,False
mean_speed_norm_s,,,,,,,,,,,,,HEADLINE_CONTRAST,CON_vs_MST,-0.6232445829646686,-0.6175949205348594,0.0056496624298091,0.0090649202323342,True,9.110276821511055e-08,2.9713796975409365e-07,True,True,False
path_efficiency,,,,,,,,,,,,,HEADLINE_CONTRAST,CON_vs_MST,0.3779567146002315,0.3773114926721934,0.0006452219280381,0.0017071318040232,True,0.0143216133315305,0.0214889503298778,True,True,False
path_length_norm,,,,,,,,,,,,,HEADLINE_CONTRAST,ATG_vs_MST,-0.887109623973936,-0.9065324618866526,0.0194228379127165,0.0218945183186145,True,6.682562285829263e-18,3.628709474475441e-16,True,True,False
path_length_norm,,,,,,,,,,,,,HEADLINE_CONTRAST,CON_vs_MST,-1.055475803058513,-1.1022509153237967,0.0467751122652837,0.0443166125928617,True,8.404112795552495e-27,1.1446609317430892e-24,True,True,False
stillness_fraction_observed_tracking,,,,,,,,,,,,,HEADLINE_CONTRAST,ATG_vs_MST,0.3403961285156083,0.3572019217719026,0.0168057932562942,0.0493712820106989,True,0.0305405995146042,0.0434007725422992,True,True,False
stillness_fraction_observed_tracking,,,,,,,,,,,,,HEADLINE_CONTRAST,CON_vs_MST,0.528008163172585,0.5406772226026662,0.0126690594300811,0.0239940597773298,True,0.0002457291491965,0.0009410978889859,True,True,False
