variant,contrast,estimate_SD_units,se,ci95_low,ci95_high,p,optimizer,loglike,transformed_mean,transformed_sd
ORIGINAL_LOGIT_EPS_1E-6,ATG_vs_MST,0.3403961285156083,0.1388895055866506,0.0681726975657731,0.6126195594654436,0.0142522797734819,cg/default_start,-328.45902032693346,-0.0682952255346942,1.5664011413293102
ORIGINAL_LOGIT_EPS_1E-6,CON_vs_MST,0.528008163172585,0.1340550031164279,0.2652603570643863,0.7907559692807837,8.190971639884346e-05,cg/default_start,-328.45902032693346,-0.0682952255346942,1.5664011413293102
ORIGINAL_LOGIT_EPS_1E-6,ATG_vs_CON,-0.1876120346569766,0.1377568895065888,-0.4576155380898907,0.0823914687759374,0.173227322616786,cg/default_start,-328.45902032693346,-0.0682952255346942,1.5664011413293102
LOGIT_EPS_1E-4,ATG_vs_MST,0.3729191060141069,0.1323805263898672,0.1134532742899672,0.6323849377382467,0.0048470919435639,powell/default_start,-317.6804469579846,-0.1049905975742086,1.2644801694116263
LOGIT_EPS_1E-4,CON_vs_MST,0.6025433091100804,0.1277289239210577,0.3521946182248072,0.8528919999953535,2.389247706104942e-06,powell/default_start,-317.6804469579846,-0.1049905975742086,1.2644801694116263
LOGIT_EPS_1E-4,ATG_vs_CON,-0.2296242030959734,0.1309479410126933,-0.4862821674808523,0.0270337612889054,0.0795070672117279,powell/default_start,-317.6804469579846,-0.1049905975742086,1.2644801694116263
LOGIT_EPS_1E-3,ATG_vs_MST,0.3850652499288653,0.1279181560853206,0.1343456640016369,0.6357848358560938,0.0026103528740419,cg/default_start,-310.25775692653394,-0.1233450644134708,1.1391664615941894
LOGIT_EPS_1E-3,CON_vs_MST,0.6372756238471925,0.1233618837000999,0.3954863317949967,0.8790649158993883,2.392798425582036e-07,cg/default_start,-310.25775692653394,-0.1233450644134708,1.1391664615941894
LOGIT_EPS_1E-3,ATG_vs_CON,-0.2522103739183271,0.126273924922496,-0.4997072667664193,-0.0047134810702349,0.0457896254971359,cg/default_start,-310.25775692653394,-0.1233450644134708,1.1391664615941894
RAW_FRACTION_IDENTITY,ATG_vs_MST,0.4400173541756591,0.1168849103573668,0.2109229298752201,0.6691117784760982,0.0001668591930567,powell/default_start,-290.79165314063573,0.4668775382782404,0.2013589375383952
RAW_FRACTION_IDENTITY,CON_vs_MST,0.7214828522599058,0.1125585237682666,0.5008681456741031,0.9420975588457086,1.456662856356871e-10,powell/default_start,-290.79165314063573,0.4668775382782404,0.2013589375383952
RAW_FRACTION_IDENTITY,ATG_vs_CON,-0.2814654980842467,0.1150130843722149,-0.5068911434537879,-0.0560398527147054,0.0143951898443978,powell/default_start,-290.79165314063573,0.4668775382782404,0.2013589375383952
SMITHSON_VERKUILEN_ADJUSTED_LOGIT,ATG_vs_MST,0.3883011331898856,0.1265018150409785,0.1403575757095675,0.6362446906702035,0.0021439577638196,cg/default_start,-307.88269643000456,-0.1277933600875609,1.1004620023610492
SMITHSON_VERKUILEN_ADJUSTED_LOGIT,CON_vs_MST,0.6466236338754693,0.1219729154065116,0.4075567196787064,0.8856905480722321,1.1493646896333334e-07,cg/default_start,-307.88269643000456,-0.1277933600875609,1.1004620023610492
SMITHSON_VERKUILEN_ADJUSTED_LOGIT,ATG_vs_CON,-0.2583225006855837,0.1247984147329378,-0.5029273935621418,-0.0137176078090256,0.0384600122673274,cg/default_start,-307.88269643000456,-0.1277933600875609,1.1004620023610492
