outcome,participant,attempt_id,hand,authoritative_device,raw_outcome_value,fitted,residual,standardised_residual,extreme_abs_standardised_gt3,abs_standardised_residual
stillness_fraction_observed_tracking,P20,P20_T08,left,ATG,1.0,0.8941562697692418,7.969349008123599,9.119659823700298,True,9.119659823700298
stillness_fraction_observed_tracking,P20,P20_T09,left,CON,1.0,1.0817683044262183,7.781736973466622,8.904967515312268,True,8.904967515312268
stillness_fraction_observed_tracking,P20,P20_T14,left,CON,0.1750943841622805,1.0237497093883177,-1.9696431612722145,-2.2539451574488845,False,2.2539451574488845
stillness_fraction_observed_tracking,P20,P20_T16,left,ATG,0.1643265730629273,0.8361376747313409,-1.830829829573374,-2.0950952485294154,False,2.0950952485294154
stillness_fraction_observed_tracking,P19,P19_T13,right,CON,0.9442535349571264,0.1353942104296503,1.7146273793786613,1.9621199182513689,False,1.9621199182513689
stillness_fraction_observed_tracking,P20,P20_T10,left,MST,0.966266571362112,0.5247508437346831,1.660669986047,1.9003742133441364,False,1.9003742133441364
stillness_fraction_observed_tracking,P11,P11_T01,right,ATG,0.0596558302771496,-0.2437197930281232,-1.473183217669466,-1.6858252524057848,False,1.6858252524057848
stillness_fraction_observed_tracking,P20,P20_T03,left,MST,0.1983894437634513,0.6117787362915342,-1.4596430872725967,-1.6703307141364585,False,1.6703307141364585
stillness_fraction_observed_tracking,P26,P26_T12,right,MST,0.0333012547298267,-0.6706283874771752,-1.4361094864061286,-1.6434002290855267,False,1.6434002290855267
stillness_fraction_observed_tracking,P20,P20_T13,left,MST,0.1807527704963653,0.4957415462157326,-1.4169362858752472,-1.6214595327507333,False,1.6214595327507333
stillness_fraction_observed_tracking,P20,P20_T02,left,CON,0.4029125001212383,1.1397868994641194,-1.3473001713953423,-1.5417720106139023,False,1.5417720106139023
stillness_fraction_observed_tracking,P20,P20_T15,left,ATG,0.3305098890094306,0.8361376747313409,-1.243175547548454,-1.42261784284105,False,1.42261784284105
stillness_fraction_observed_tracking,P20,P20_T07,left,MST,0.2826419523265533,0.5537601412536334,-1.1047677511784868,-1.2642320049820956,False,1.2642320049820956
stillness_fraction_observed_tracking,P25,P25_T05,right,MST,0.6349428515870804,-0.6544595207276884,1.0514052928867983,1.2031671091567873,False,1.2031671091567873
stillness_fraction_observed_tracking,P20,P20_T01,left,ATG,0.4555484816084886,0.9521748648071426,-1.0223877394957643,-1.1699611075658742,False,1.1699611075658742
stillness_fraction_observed_tracking,P22,P22_T05,right,CON,0.1689465002202687,-0.0450844857908437,-0.9283678496006096,-1.0623702100369117,False,1.0623702100369117
stillness_fraction_observed_tracking,P11,P11_T10,right,CON,0.1524431418186029,-0.1431356509279977,-0.9084921673330172,-1.039625634431096,False,1.039625634431096
stillness_fraction_observed_tracking,P22,P22_T03,right,ATG,0.14199878470687,-0.2036872229288701,-0.9010692443365628,-1.03113127277669,False,1.03113127277669
stillness_fraction_observed_tracking,P27,P27_T15,left,ATG,0.2863192851016903,0.3310887282000265,-0.870562855789331,-0.9962215347646154,False,0.9962215347646154
stillness_fraction_observed_tracking,P15,P15_T03,right,ATG,0.1152748626881823,-0.4172969261830704,-0.8401475131950711,-0.961415984449501,False,0.961415984449501
