participant,expertise_group,number_of_primary_scalar_attempt_hands,number_left,number_right,device_counts_ATG,device_counts_CON,device_counts_MST,trajectory_eligible_count,CAE_sensitivity_addition_count_total_union_keys,CAE_scalar_eligible_addition_count,CAE_trajectory_eligible_addition_count,primary_motion_present_yes_no,CAE_only_sensitivity_contributor_yes_no
P1,Expert,0,0,0,0,0,0,0,0,0,0,NO,NO
P2,Intermediate,0,0,0,0,0,0,0,0,0,0,NO,NO
P3,Expert,0,0,0,0,0,0,0,0,0,0,NO,NO
P4,Intermediate,10,0,10,2,4,4,10,0,0,0,YES,NO
P5,Intermediate,0,0,0,0,0,0,0,0,0,0,NO,NO
P6,Intermediate,9,1,8,4,3,2,7,0,0,0,YES,NO
P9,Expert,3,2,1,2,1,0,3,0,0,0,YES,NO
P10,Intermediate,12,0,12,4,5,3,12,0,0,0,YES,NO
P11,Intermediate,20,14,6,6,7,7,19,2,2,0,YES,NO
P12,Expert,16,1,15,6,5,5,16,0,0,0,YES,NO
P13,Novice,0,0,0,0,0,0,0,0,0,0,NO,NO
P15,Novice,13,1,12,5,4,4,12,0,0,0,YES,NO
P16,Intermediate,7,1,6,1,3,3,6,0,0,0,YES,NO
P17,Novice,21,8,13,7,9,5,21,4,0,4,YES,NO
P18,Novice,5,2,3,0,1,4,5,0,0,0,YES,NO
P19,Novice,4,0,4,2,2,0,4,0,0,0,YES,NO
P20,Novice,14,14,0,5,4,5,14,0,0,0,YES,NO
P21,Novice,15,15,0,5,5,5,15,0,0,0,YES,NO
P22,Novice,13,0,13,3,5,5,13,0,0,0,YES,NO
P23,Novice,0,0,0,0,0,0,0,0,0,0,NO,NO
P24,Intermediate,0,0,0,0,0,0,0,0,0,0,NO,NO
P25,Novice,18,12,6,6,4,8,17,2,2,0,YES,NO
P26,Novice,7,2,5,1,2,4,7,1,1,1,YES,NO
P27,Novice,23,9,14,8,7,8,23,0,0,0,YES,NO
P28,Intermediate,20,7,13,3,8,9,19,0,0,0,YES,NO
P29,Expert,14,0,14,4,5,5,14,0,0,0,YES,NO
P30,Novice,7,3,4,3,3,1,7,0,0,0,YES,NO
