file_name,file_size_bytes,sha256
00_verification_environment_versions.json,574,7e5aefdea242253b95e807fbc5d40332d13a2de6f9b62e778eb1c15534a2df3c
01_root210_vs_standard_package_model_verification.csv,18131,b74e6e369a3a23767e3efa556cf8b525278aaff455dc1aec92d78e4cb8c71a55
01b_root210_vs_statsmodels_likelihood_variance.csv,1547,cc98bfb0e7460aaa8f3a7bb4dd04ed59062429531092bc02108c15ad2fbe2330
02_headline_device_contrast_verification.csv,2785,bce03cf9b9e2465d9d9043bb52596286b27ddb696b81d0540531350d8cf40df1
03_nested_attempt_random_intercept_sensitivity.csv,3675,3522aad6c1868e62a2bbc8a7f75736ac9462df13363c11601660531b0af55715
04_model_residual_diagnostic_summary.csv,2954,352b6330aa9898a3fa69358ac4293916d1b24796e7401db63e8c6a789cb394e8
04b_model_residuals_long.csv,161927,85f684a82006565b4b37b4eba86b13f0e669f56dcb736a775a9ab433cb412233
04c_stillness_boundary_transform_sensitivity.csv,3297,def1884d1d05cf775c14ab9471ea1cd54625f38f44a3864b76a4fcf0fb2270f7
04d_stillness_extreme_observations.csv,3364,c1eb7eef9a4577339cc26364a8e16cce3fae5fb04da3f443dba4fac3dac15bb4
05_participant_LOPO_influence_summary.csv,2222,d74cbf161235a4f8dfa966118281af186da847f52d90f2b538f2951c2474d17c
05b_participant_LOPO_all_headline_results.csv,71791,f3fea6c48dcb2b8eb81dfde809112fab400d13d6dd806cee81138f50232d644f
06_primary_population_inclusion_missingness.csv,1497,e3d44fdba272e74d34c442b1f2e398d5841ad1a13760565d3a2c5dd1df7a0677
06b_primary_population_selection_summary.csv,823,698287c799fc42f2fb82dd448b5aef3cec5b234375a7c053fa2428612caec87a
07_hand_motion_sample_flow_table.csv,964,9c01390c2bfcf58ab0b2422b786ac4697e30bf9d8d9480f71ca7482b32d72ac3
08_hand_motion_sample_flow_figure.png,176574,bdf4d0575e48de746ff8768e442e6b3aca31e28518f207e7ca7e789b73e293f8
09_root211_figure_visual_QC.csv,11233,69c30feb2fb7944d969a09ee5cea4a70ef06a399e4bab7d924fc470b4e55f86b
10_final_hand_motion_verification_summary.json,3433,9665cefef1ad6ebc9b8c613a2a2e26f253a89c820ca3e707880da7812b9293d1
12_hand_motion_verification_methods_note.md,2703,a7f795011bc9e9245dea66ea74a61d1f1bfb75cd2a0789b2cc159766cba69f2b
13_hand_motion_verification_results_note.md,1491,a659a206408f6f59e24f23eef156b8811be50d64974fc4237bc0f59923a12ee6
log_dimensionless_jerk__residual_by_device.png,42001,c326a02f73dcb934114d73299e7de9935cb98670d9de74a0db993e2e754eb012
log_dimensionless_jerk__residual_by_hand.png,36780,3e6291a7d22f957450572c14fb5efe139fd805209dca0a4c6cab7a124e645582
log_dimensionless_jerk__residual_QQ.png,76266,af8ccf1ed3608d84ec5b4e88b1747617aed5f6cc40a16534a00fc3c1103f5f97
log_dimensionless_jerk__residual_vs_fitted.png,133928,0f2ec62115c410091ce03a9b9f2355abb587797c02e71d697e4f52d6bece73c1
mean_speed_norm_s__residual_by_device.png,48816,f46d34d2667dfd81d5d5236784556d8b8217ddba5acd02acc53242035ccb8465
mean_speed_norm_s__residual_by_hand.png,42899,9479a92b1527f77cf19f1dbe2d659c1174a16df65c760e36606351037784d9f0
mean_speed_norm_s__residual_QQ.png,73169,968e55ffaae1e5c59e9efc606c4d7818d184ed94a45217e3570f9a23a1cce9a9
mean_speed_norm_s__residual_vs_fitted.png,131994,275b8401d7484b02c184863614edef71630d9277b763edf63fc19b6eccf41652
path_efficiency__residual_by_device.png,51050,d5312c928dcdc437f47a813f3cb5d05e746bc9bf440d31c7628d9a0a86a07637
path_efficiency__residual_by_hand.png,37778,a2fbef3cb29badac85f1285e3e346e4a37154d8f25e0bf274a83375055f67f68
path_efficiency__residual_QQ.png,77103,dc45b9103a4cad9c34fc8870a694fe3960971fa189fa47b3a5b7ca25afd11e43
path_efficiency__residual_vs_fitted.png,136712,e3b1bb63ed43d429e8c13737a4a6720c75039649d707ba7a2bcdee7afc95d015
path_length_norm__residual_by_device.png,45032,4b5813122cd7b90b1c981949d3c44c4c11e31f010f23a4f68743b80b7803cf20
path_length_norm__residual_by_hand.png,37703,675b48d666fd37ea41590ed57e334c3f74b0507a949eaa9699c2dced6fa0c70f
path_length_norm__residual_QQ.png,72414,4aff06db2d56c3cb4994a229a43e13d7d4a3d341e81e866424522bc160fa0adb
path_length_norm__residual_vs_fitted.png,127901,ea5f643e380d0b5a85dad862f9a1ce6ecb2a67b83a4bb52525ece4a5c8f4af8c
stillness_fraction_observed_tracking__residual_by_device.png,52497,3f9ddb4fbf9eda9c2eed82665d7a89870a062f885cfdd032a522367991e24afa
stillness_fraction_observed_tracking__residual_by_hand.png,46273,3808ae000dfff2f22d353a50d60908c0f74b15aca53041ce62c0ea70646c1d85
stillness_fraction_observed_tracking__residual_QQ.png,64314,353fce3a94ab874f3ee8bc22a8ac5f6c00e0210631d12e8811a34714227ac977
stillness_fraction_observed_tracking__residual_vs_fitted.png,121958,3e09fd5f4cf57ee77ab8f36b1b569b85ba9d3a18c3928f20413b0151945e97b5
