outcome,outcome_label,contrast,contrast_label,left_estimate_SD_units,left_q_bh,right_estimate_SD_units,right_q_bh,overall_estimate_SD_units,overall_q_bh,left_same_direction_as_overall,right_same_direction_as_overall,both_hands_direction_concordant
log_dimensionless_jerk,Log dimensionless jerk,ATG_vs_CON,ATG vs CON,-0.328421804338002,0.316285479120746,-0.0123932275142429,0.9486249083840652,-0.1112474236634683,0.4579790005863409,True,True,True
log_dimensionless_jerk,Log dimensionless jerk,ATG_vs_MST,ATG vs MST,0.1998590628652305,0.4911378143152895,-0.5313239833517447,0.0010362718523276,-0.2098580635651335,0.1722356441097264,False,True,False
log_dimensionless_jerk,Log dimensionless jerk,CON_vs_MST,CON vs MST,0.5282808672032325,0.0571067192183181,-0.5189307558375017,0.0008505857739083,-0.0986106399016652,0.4723854059283151,False,True,False
mean_speed_norm_s,Mean normalised speed,ATG_vs_CON,ATG vs CON,-0.0308441995714864,0.9834860043948892,-0.0160284860463402,0.9486249083840652,0.0094817738510326,0.9333177068010364,False,False,False
mean_speed_norm_s,Mean normalised speed,ATG_vs_MST,ATG vs MST,-0.3157410112352486,0.316285479120746,-0.86232253569655,5.221926337359748e-11,-0.6137627155808837,3.720029183169873e-07,True,True,True
mean_speed_norm_s,Mean normalised speed,CON_vs_MST,CON vs MST,-0.2848968116637622,0.316285479120746,-0.8462940496502098,1.5042106824129303e-11,-0.6232444894319163,8.708043340157524e-08,True,True,True
path_efficiency,Path efficiency,ATG_vs_CON,ATG vs CON,-0.3683022283897068,0.3483797045541508,0.0089219943900349,0.9486249083840652,-0.1374984643312956,0.4089480906740009,True,False,False
path_efficiency,Path efficiency,ATG_vs_MST,ATG vs MST,-0.0016836738112672,0.9958285552505772,0.4032092430343976,0.0050939404663807,0.2404582478431716,0.1519765269721201,False,True,False
path_efficiency,Path efficiency,CON_vs_MST,CON vs MST,0.3666185545784396,0.3483797045541508,0.3942872486443626,0.0048206090595167,0.3779567121744672,0.0143208556894335,True,True,True
path_length_norm,Normalised path length,ATG_vs_CON,ATG vs CON,-0.0216138909421648,0.9834860043948892,0.2599079276707353,0.0232557543404209,0.1683661784088774,0.1519765269721201,False,True,False
path_length_norm,Normalised path length,ATG_vs_MST,ATG vs MST,-0.8309075691926335,0.0001049426029516,-0.8891708258986192,1.0208082735429704e-14,-0.8871096242019556,6.674203126769718e-18,True,True,True
path_length_norm,Normalised path length,CON_vs_MST,CON vs MST,-0.8092936782504687,0.0001049426029516,-1.1490787535693543,2.435663712821421e-26,-1.055475802610833,8.337105714365964e-27,True,True,True
stillness_fraction_observed_tracking,Stillness fraction,ATG_vs_CON,ATG vs CON,-0.034987268939372,0.9834860043948892,-0.2558438559738126,0.0016423632595386,-0.1876118773863137,0.236099238579342,True,True,True
stillness_fraction_observed_tracking,Stillness fraction,ATG_vs_MST,ATG vs MST,0.4919308256447132,0.316285479120746,0.2274241603185015,0.0050939404663807,0.3403958247939518,0.0303847572861903,True,True,True
stillness_fraction_observed_tracking,Stillness fraction,CON_vs_MST,CON vs MST,0.5269180945840852,0.316285479120746,0.4832680162923141,1.6227611591020547e-10,0.5280077021802656,0.0002383286556942,True,True,True
