dataset,outcome,outcome_tier,effect,estimate_SD_units,se,z,p,ci95_low,ci95_high,q_bh,analysis_block,round_also_in_model,status,error
GOPRO_PRIMARY,path_length_norm,MAIN,RIGHT_vs_LEFT,0.9044575263623474,0.1046182061374814,8.645316716421009,5.3656260661663584e-18,0.6994058423328837,1.1095092103918112,1.3414065165415897e-17,HAND_AND_ROUND,,,
GOPRO_PRIMARY,path_length_norm,MAIN,ROUND_LINEAR_PER_REPETITION,-0.0940052387711936,0.0278878006939645,-3.370837299175705,0.000749401029503,-0.1486653281313641,-0.0393451494110232,0.0027881329726184,HAND_AND_ROUND,,,
GOPRO_PRIMARY,path_efficiency,MAIN,RIGHT_vs_LEFT,0.0023913157205497,0.1461371598717877,0.0163635020869965,0.9869443969639048,-0.2840375176281541,0.2888201490692536,0.9869443969639048,HAND_AND_ROUND,,,
GOPRO_PRIMARY,path_efficiency,MAIN,ROUND_LINEAR_PER_REPETITION,0.0679095751592173,0.0396799726877456,1.7114320035857724,0.0870013934685744,-0.0098631713087642,0.1456823216271988,0.108751741835718,HAND_AND_ROUND,,,
GOPRO_PRIMARY,mean_speed_norm_s,MAIN,RIGHT_vs_LEFT,1.0679578488742132,0.120171689005899,8.886933833656848,6.281839344898455e-19,0.832421338422651,1.3034943593257755,3.1409196724492264e-18,HAND_AND_ROUND,,,
GOPRO_PRIMARY,mean_speed_norm_s,MAIN,ROUND_LINEAR_PER_REPETITION,0.0848912465647618,0.0320423440924674,2.649345700794664,0.0080647789495281,0.0220882521435257,0.147694240985998,0.0134412982492135,HAND_AND_ROUND,,,
GOPRO_PRIMARY,log_dimensionless_jerk,MAIN,RIGHT_vs_LEFT,0.628185768598446,0.1354675260850846,4.63716867615855,3.532141587661543e-06,0.3626694174716801,0.893702119725212,4.415176984576929e-06,HAND_AND_ROUND,,,
GOPRO_PRIMARY,log_dimensionless_jerk,MAIN,ROUND_LINEAR_PER_REPETITION,0.121046961795474,0.0371342481815082,3.2597121989331588,0.0011152531890473,0.0482638353597178,0.1938300882312303,0.0027881329726184,HAND_AND_ROUND,,,
GOPRO_PRIMARY,stillness_fraction_observed_tracking,MAIN,RIGHT_vs_LEFT,-0.6849223409775118,0.133398484797307,-5.1344087005052605,2.830324469637743e-07,-0.9463833711802336,-0.4234613107747901,4.717207449396238e-07,HAND_AND_ROUND,,,
GOPRO_PRIMARY,stillness_fraction_observed_tracking,MAIN,ROUND_LINEAR_PER_REPETITION,-0.029009346163055,0.0389443105713233,-0.7448930469555203,0.4563363787922,-0.1053401948828487,0.0473215025567385,0.4563363787922,HAND_AND_ROUND,,,
GOPRO_PRIMARY,displacement_norm,SECONDARY,RIGHT_vs_LEFT,0.3737060880106572,0.1443685402995829,2.5885562549511816,0.0096379203175376,0.0907437490234746,0.6566684269978398,0.0192758406350753,HAND_AND_ROUND,,,
GOPRO_PRIMARY,displacement_norm,SECONDARY,ROUND_LINEAR_PER_REPETITION,0.0028006400890218,0.0410078338703178,0.0682952456810703,0.9455506086913512,-0.0775747142968011,0.0831759944748449,0.9455506086913512,HAND_AND_ROUND,,,
GOPRO_PRIMARY,peak_speed_norm_s,SECONDARY,RIGHT_vs_LEFT,0.8067588290193034,0.132603088502404,6.084012356957112,1.1721156486743415e-09,0.5468567755545917,1.0666608824840151,3.516346946023024e-09,HAND_AND_ROUND,,,
GOPRO_PRIMARY,peak_speed_norm_s,SECONDARY,ROUND_LINEAR_PER_REPETITION,-0.012841745267688,0.0382036240822232,-0.3361394521119136,0.736765709051729,-0.0877208484688457,0.0620373579334696,0.8841188508620748,HAND_AND_ROUND,,,
GOPRO_PRIMARY,velocity_peak_count,SECONDARY,RIGHT_vs_LEFT,-0.1153844964839071,0.1192474101965256,-0.9676058900880768,0.3332412345028372,-0.3491094204690974,0.118340427501283,0.3998894814034047,HAND_AND_ROUND,,,
GOPRO_PRIMARY,velocity_peak_count,SECONDARY,ROUND_LINEAR_PER_REPETITION,-0.1858376641864485,0.030860272051419,-6.021906218999231,1.7237476746975539e-09,-0.2463237974072299,-0.1253515309656672,1.0342486048185322e-08,HAND_AND_ROUND,,,
GOPRO_PRIMARY,sparc,SECONDARY,RIGHT_vs_LEFT,0.243671120066575,0.1436366527740868,1.6964410918835842,0.0898023772931875,-0.037856719370635,0.5251989595037851,0.1347035659397813,HAND_AND_ROUND,,,
GOPRO_PRIMARY,sparc,SECONDARY,ROUND_LINEAR_PER_REPETITION,0.1074524209317023,0.0399809464395861,2.6875907275999578,0.0071969547790692,0.0290897659101134,0.1858150759532912,0.0143939095581384,HAND_AND_ROUND,,,
GOPRO_PRIMARY,stillness_episode_count,SECONDARY,RIGHT_vs_LEFT,-0.037542259714651,0.1352218912564371,-0.2776344818566046,0.7812929596459823,-0.3025771665772678,0.2274926471479657,0.7812929596459823,HAND_AND_ROUND,,,
GOPRO_PRIMARY,stillness_episode_count,SECONDARY,ROUND_LINEAR_PER_REPETITION,-0.1712049248175676,0.0356094042228716,-4.807857040966832,1.52556793749327e-06,-0.2409993570943961,-0.1014104925407391,4.57670381247981e-06,HAND_AND_ROUND,,,
GOPRO_PRIMARY,longest_stillness_sec,SECONDARY,RIGHT_vs_LEFT,-0.8718254342021372,0.1326303923628013,-6.573345812152303,4.9197016153615225e-11,-1.1317810032332278,-0.6118698651710466,2.951820969216913e-10,HAND_AND_ROUND,,,
GOPRO_PRIMARY,longest_stillness_sec,SECONDARY,ROUND_LINEAR_PER_REPETITION,-0.0617630640772396,0.0353524194135052,-1.7470675303666778,0.0806256248382425,-0.13105380612771,0.0075276779732306,0.1209384372573638,HAND_AND_ROUND,,,
GOPRO_PRIMARY,path_length_norm,MAIN,OVERALL_ATTEMPT_SEQUENCE_LINEAR,0.0065842036870521,0.0445952313602353,0.1476436714469687,0.8826239879386502,-0.0808224497790092,0.0939908571531134,0.8846756077942739,ATTEMPT_SEQUENCE_SENSITIVITY,True,PASS,
GOPRO_PRIMARY,path_efficiency,MAIN,OVERALL_ATTEMPT_SEQUENCE_LINEAR,-0.020523211073135,0.0626346264471767,-0.3276655779282642,0.7431645325816965,-0.1432870789096014,0.1022406567633312,0.8846756077942739,ATTEMPT_SEQUENCE_SENSITIVITY,True,PASS,
GOPRO_PRIMARY,mean_speed_norm_s,MAIN,OVERALL_ATTEMPT_SEQUENCE_LINEAR,-0.038678194164715,0.0511726372681578,-0.7558374207299756,0.4497466777099264,-0.1389765632103045,0.0616201748808743,0.8846756077942739,ATTEMPT_SEQUENCE_SENSITIVITY,True,PASS,
GOPRO_PRIMARY,log_dimensionless_jerk,MAIN,OVERALL_ATTEMPT_SEQUENCE_LINEAR,-0.1043007231531567,0.0577627886209657,-1.8056732654922327,0.0709693910006139,-0.2175157888502495,0.008914342543936,0.3548469550030696,ATTEMPT_SEQUENCE_SENSITIVITY,True,PASS,
GOPRO_PRIMARY,stillness_fraction_observed_tracking,MAIN,OVERALL_ATTEMPT_SEQUENCE_LINEAR,-0.0085405295687835,0.0588820665895223,-0.1450446640794923,0.8846756077942739,-0.1239493800842473,0.1068683209466801,0.8846756077942739,ATTEMPT_SEQUENCE_SENSITIVITY,True,PASS,
GOPRO_PRIMARY,displacement_norm,SECONDARY,OVERALL_ATTEMPT_SEQUENCE_LINEAR,-0.034803957363877,0.0629415611870565,-0.5529566904202278,0.5802930669245485,-0.1581694172905078,0.0885615025627537,0.8083299256112157,ATTEMPT_SEQUENCE_SENSITIVITY,True,PASS,
GOPRO_PRIMARY,peak_speed_norm_s,SECONDARY,OVERALL_ATTEMPT_SEQUENCE_LINEAR,-0.0666119006889696,0.0579887338119431,-1.1487041759696175,0.250677983323764,-0.1802698189603782,0.0470460175824389,0.752033949971292,ATTEMPT_SEQUENCE_SENSITIVITY,True,PASS,
GOPRO_PRIMARY,velocity_peak_count,SECONDARY,OVERALL_ATTEMPT_SEQUENCE_LINEAR,0.0060660948890689,0.0504436448522475,0.1202548885362449,0.9042812384380604,-0.0928034490213361,0.104935638799474,0.9042812384380602,ATTEMPT_SEQUENCE_SENSITIVITY,True,PASS,
GOPRO_PRIMARY,sparc,SECONDARY,OVERALL_ATTEMPT_SEQUENCE_LINEAR,-0.0995691463591442,0.0613980155245671,-1.6216997488999254,0.1048676526120465,-0.2199092567872959,0.0207709640690073,0.6292059156722792,ATTEMPT_SEQUENCE_SENSITIVITY,True,PASS,
GOPRO_PRIMARY,stillness_episode_count,SECONDARY,OVERALL_ATTEMPT_SEQUENCE_LINEAR,0.0241910628277852,0.0574335280683076,0.4212010587093662,0.6736082713426798,-0.0883786521860976,0.1367607778416682,0.8083299256112157,ATTEMPT_SEQUENCE_SENSITIVITY,True,PASS,
GOPRO_PRIMARY,longest_stillness_sec,SECONDARY,OVERALL_ATTEMPT_SEQUENCE_LINEAR,-0.0341387376951057,0.0564945055250351,-0.6042842109659216,0.5456547017749354,-0.1448679685241747,0.0765904931339631,0.8083299256112157,ATTEMPT_SEQUENCE_SENSITIVITY,True,PASS,
