outcome,outcome_label,contrast,contrast_label,estimate_SD_units_primary,ci95_low_primary,ci95_high_primary,q_bh_primary,estimate_SD_units_augmented,ci95_low_augmented,ci95_high_augmented,q_bh_augmented,same_direction,relative_estimate_change_percent,robustness_status
log_dimensionless_jerk,Log dimensionless jerk,ATG_vs_CON,ATG vs CON,-0.1112474236634683,-0.3686358672197247,0.1461410198927881,0.4579790005863409,-0.0923782680059644,-0.3449491413729741,0.1601926053610453,0.5072700627933027,True,16.961431587471587,SAME_DIRECTION_NOT_FDR_SIGNIFICANT
log_dimensionless_jerk,Log dimensionless jerk,ATG_vs_MST,ATG vs MST,-0.2098580635651335,-0.470703854760797,0.0509877276305299,0.1722356441097264,-0.2114091413050041,-0.4675640273158893,0.0447457447058809,0.1586159531985499,True,0.7391080016276057,SAME_DIRECTION_NOT_FDR_SIGNIFICANT
log_dimensionless_jerk,Log dimensionless jerk,CON_vs_MST,CON vs MST,-0.0986106399016652,-0.3493960997915178,0.1521748199881874,0.4723854059283151,-0.1190308732990397,-0.3675719700527466,0.1295102234546672,0.4014174899919588,True,20.70794127057448,SAME_DIRECTION_NOT_FDR_SIGNIFICANT
mean_speed_norm_s,Mean normalised speed,ATG_vs_CON,ATG vs CON,0.0094817738510326,-0.2126285233319316,0.2315920710339969,0.9333177068010364,0.0225073892758265,-0.1959453499859869,0.2409601285376399,0.8399631411093277,True,137.3753015990277,SAME_DIRECTION_NOT_FDR_SIGNIFICANT
mean_speed_norm_s,Mean normalised speed,ATG_vs_MST,ATG vs MST,-0.6137627155808837,-0.8395385913093035,-0.3879868398524638,3.720029183169873e-07,-0.6163919309338834,-0.8382697656577264,-0.3945140962100405,1.9425359758043026e-07,True,0.4283765185233497,ROBUST_BOTH_FDR_SIGNIFICANT
mean_speed_norm_s,Mean normalised speed,CON_vs_MST,CON vs MST,-0.6232444894319163,-0.8399911133758536,-0.406497865487979,8.708043340157524e-08,-0.63889932020971,-0.8539868067858192,-0.4238118336336007,2.9071088387593172e-08,True,2.5118281899392163,ROBUST_BOTH_FDR_SIGNIFICANT
path_efficiency,Path efficiency,ATG_vs_CON,ATG vs CON,-0.1374984643312956,-0.412536527428562,0.1375395987659708,0.4089480906740009,-0.1496225243858628,-0.4237270319501925,0.1244819831784667,0.3558391592746798,True,8.817596700829288,SAME_DIRECTION_NOT_FDR_SIGNIFICANT
path_efficiency,Path efficiency,ATG_vs_MST,ATG vs MST,0.2404582478431716,-0.0385526253006141,0.5194691209869574,0.1519765269721201,0.254308690949809,-0.0241437190927913,0.5327611009924096,0.1224085410492552,True,5.760019974723755,SAME_DIRECTION_NOT_FDR_SIGNIFICANT
path_efficiency,Path efficiency,CON_vs_MST,CON vs MST,0.3779567121744672,0.1098382042482395,0.646075220100695,0.0143208556894335,0.4039312153356719,0.1354846127403774,0.6723778179309665,0.0079647067440143,True,6.87234869087725,ROBUST_BOTH_FDR_SIGNIFICANT
path_length_norm,Normalised path length,ATG_vs_CON,ATG vs CON,0.1683661784088774,-0.024945955537294,0.361678312355049,0.1519765269721201,0.1912000173935911,-0.0005188321082856,0.3829188668954679,0.0949105941492222,True,13.562010613118323,SAME_DIRECTION_NOT_FDR_SIGNIFICANT
path_length_norm,Normalised path length,ATG_vs_MST,ATG vs MST,-0.8871096242019556,-1.0836181238424074,-0.6906011245615037,6.674203126769718e-18,-0.8836651030541892,-1.0783015746211375,-0.689028631487241,4.2433337540162986e-18,True,0.3882858503384045,ROBUST_BOTH_FDR_SIGNIFICANT
path_length_norm,Normalised path length,CON_vs_MST,CON vs MST,-1.055475802610833,-1.2441226781112151,-0.866828927110451,8.337105714365964e-27,-1.0748651204477804,-1.2635974700551875,-0.8861327708403732,9.326547918820814e-28,True,1.8370215393840144,ROBUST_BOTH_FDR_SIGNIFICANT
stillness_fraction_observed_tracking,Stillness fraction,ATG_vs_CON,ATG vs CON,-0.1876118773863137,-0.4575599552999865,0.082336200527359,0.236099238579342,-0.1841879233840139,-0.4482967876130977,0.0799209408450698,0.2340806140394378,True,1.8250198494893133,SAME_DIRECTION_NOT_FDR_SIGNIFICANT
stillness_fraction_observed_tracking,Stillness fraction,ATG_vs_MST,ATG vs MST,0.3403958247939518,0.0683769689845379,0.6124146806033658,0.0303847572861903,0.3548851826145574,0.0885449615716849,0.62122540365743,0.0193111713060256,True,4.25662031236025,ROBUST_BOTH_FDR_SIGNIFICANT
stillness_fraction_observed_tracking,Stillness fraction,CON_vs_MST,CON vs MST,0.5280077021802656,0.2657483147800371,0.7902670895804941,0.0002383286556942,0.5390731059985714,0.2796736918280491,0.7984725201690936,0.0001391202553929,True,2.0956898493363223,ROBUST_BOTH_FDR_SIGNIFICANT
