cov_type,outcome,contrast,integrated_LMM_estimate,GEE_estimate,GEE_se,GEE_ci95_low,GEE_ci95_high,GEE_p,direction_match_integrated_LMM,warnings,GEE_q_bh_15_test_family
robust,path_length_norm,ATG_vs_MST,-0.8920133758219944,-0.8903560588230437,0.0991187881294736,-1.084628883556812,-0.6960832340892754,2.641604605610258e-19,True,,1.9812034542076935e-18
robust,path_length_norm,CON_vs_MST,-1.08501977090444,-1.0847633262904872,0.0757037515504015,-1.233142679329274,-0.9363839732517002,1.4406469424572623e-46,True,,2.1609704136858936e-45
robust,path_length_norm,ATG_vs_CON,0.1930063950824456,0.1944072674674435,0.1013831609535409,-0.0043037280014968,0.3931182629363838,0.0551681113038487,True,,0.0827521669557731
robust,path_efficiency,ATG_vs_MST,0.2546718815189757,0.2515656461007933,0.1308685091037695,-0.004936631742595,0.5080679239441817,0.0545707961592054,True,,0.0827521669557731
robust,path_efficiency,CON_vs_MST,0.4045080247114944,0.4009783816673997,0.1294886730916243,0.1471805824078161,0.6547761809269834,0.0019573466901638,True,,0.0036700250440571
robust,path_efficiency,ATG_vs_CON,-0.1498361431925186,-0.1494127355666064,0.1045504729629188,-0.3543316625739274,0.0555061914407145,0.1529764427757898,True,,0.2086042401488042
robust,mean_speed_norm_s,ATG_vs_MST,-0.6189750040178564,-0.6210389689912802,0.1158856829263571,-0.8481749075269401,-0.3939030304556202,8.36535100028453e-08,True,,4.182675500142265e-07
robust,mean_speed_norm_s,CON_vs_MST,-0.6415767277131436,-0.6472153910275567,0.1764111429085578,-0.99298123112833,-0.3014495509267832,0.0002437013993624,True,,0.0007311041980873
robust,mean_speed_norm_s,ATG_vs_CON,0.0226017236952871,0.0261764220362764,0.123095273721064,-0.2150903144570091,0.267443158529562,0.8315986249626498,True,,0.8315986249626498
robust,log_dimensionless_jerk,ATG_vs_MST,-0.2093658431058998,-0.211002247328641,0.1756155851124691,-0.5552087941490805,0.1332042994917985,0.229557037574543,True,,0.2869462969681788
robust,log_dimensionless_jerk,CON_vs_MST,-0.1178804170174685,-0.1238244765807684,0.2176132630522993,-0.550346472163275,0.3026975190017382,0.569348250370548,True,,0.6210092037633868
robust,log_dimensionless_jerk,ATG_vs_CON,-0.0914854260884313,-0.0871777707478725,0.1573729430338961,-0.395628739094309,0.2212731975985638,0.579608590179161,True,,0.6210092037633868
robust,stillness_fraction_observed_tracking,ATG_vs_MST,0.357847478358304,0.3580786668871151,0.1024531024184123,0.1572705861470269,0.5588867476272033,0.0004739737997492,True,,0.0011849344993731
robust,stillness_fraction_observed_tracking,CON_vs_MST,0.5435728549211751,0.5441666722757025,0.1128956430159178,0.3228912119645036,0.7654421325869014,1.4349657891084968e-06,True,,5.381121709156863e-06
robust,stillness_fraction_observed_tracking,ATG_vs_CON,-0.185725376562871,-0.1860880053885873,0.0576452585717516,-0.2990727121892206,-0.0731032985879541,0.001245901172147,True,,0.0026697882260294
bias_reduced,path_length_norm,ATG_vs_MST,-0.8920133758219944,-0.8903560588230437,0.1072147472051213,-1.1004969633450816,-0.6802151543010059,1.0031005543195976e-16,True,,7.523254157396983e-16
bias_reduced,path_length_norm,CON_vs_MST,-1.08501977090444,-1.0847633262904872,0.0815974674420829,-1.2446943624769695,-0.9248322901040046,2.505330796404313e-40,True,,3.7579961946064685e-39
bias_reduced,path_length_norm,ATG_vs_CON,0.1930063950824456,0.1944072674674435,0.1100813368929932,-0.0213521528428232,0.4101666877777102,0.0773903220659481,True,,0.1217976767138003
bias_reduced,path_efficiency,ATG_vs_MST,0.2546718815189757,0.2515656461007933,0.1442650256502235,-0.0311938041736448,0.5343250963752314,0.0811984511425335,True,,0.1217976767138003
bias_reduced,path_efficiency,CON_vs_MST,0.4045080247114944,0.4009783816673997,0.1402229077830383,0.1261414824126446,0.6758152809221548,0.0042420470679484,True,,0.0079538382524034
bias_reduced,path_efficiency,ATG_vs_CON,-0.1498361431925186,-0.1494127355666064,0.113111413315303,-0.3711111056646005,0.0722856345313875,0.1865233012400911,True,,0.2543499562364879
bias_reduced,mean_speed_norm_s,ATG_vs_MST,-0.6189750040178564,-0.6210389689912802,0.1257200239232277,-0.8674502158808065,-0.3746277221017539,7.817979235839842e-07,True,,3.908989617919921e-06
bias_reduced,mean_speed_norm_s,CON_vs_MST,-0.6415767277131436,-0.6472153910275567,0.1917930694255036,-1.0231298071015438,-0.2713009749535696,0.0007393635916039,True,,0.0022180907748117
bias_reduced,mean_speed_norm_s,ATG_vs_CON,0.0226017236952871,0.0261764220362764,0.1332498316645392,-0.2349932480262205,0.2873460920987734,0.8442609444253434,True,,0.8442609444253434
bias_reduced,log_dimensionless_jerk,ATG_vs_MST,-0.2093658431058998,-0.211002247328641,0.1904965523542843,-0.5843754899430382,0.1623709952857562,0.2680158559428386,True,,0.3350198199285483
bias_reduced,log_dimensionless_jerk,CON_vs_MST,-0.1178804170174685,-0.1238244765807684,0.2377175742520368,-0.5897509221147607,0.3421019689532238,0.6024440780348496,True,,0.6515960745859238
bias_reduced,log_dimensionless_jerk,ATG_vs_CON,-0.0914854260884313,-0.0871777707478725,0.1700343108549064,-0.4204450200234891,0.246089478527744,0.6081563362801956,True,,0.6515960745859238
bias_reduced,stillness_fraction_observed_tracking,ATG_vs_MST,0.357847478358304,0.3580786668871151,0.1105527139865519,0.1413953474734732,0.5747619863007569,0.0011995556018671,True,,0.0029988890046679
bias_reduced,stillness_fraction_observed_tracking,CON_vs_MST,0.5435728549211751,0.5441666722757025,0.1191773608829025,0.3105790449452136,0.7777542996061914,4.970622373686746e-06,True,,1.86398339013253e-05
bias_reduced,stillness_fraction_observed_tracking,ATG_vs_CON,-0.185725376562871,-0.1860880053885873,0.0625652122109215,-0.3087158213219935,-0.0634601894551812,0.0029365330983597,True,,0.0062925709250566
