cov_type,variant,contrast,estimate_integrated_SD_units,se,ci95_low,ci95_high,p,q_bh_same_15_test_family,integrated_LMM_estimate,direction_match_integrated_LMM,variant_transformed_mean,variant_transformed_sd,warnings
robust,ORIGINAL_LOGIT_EPS_1E-6,ATG_vs_MST,0.3580786668871151,0.1024531024184123,0.1572705861470269,0.5588867476272033,0.0004739737997492,0.0011849344993731,0.357847478358304,True,-0.0580268690306461,1.553434325457447,
robust,ORIGINAL_LOGIT_EPS_1E-6,CON_vs_MST,0.5441666722757025,0.1128956430159178,0.3228912119645036,0.7654421325869014,1.4349657891084968e-06,5.381121709156863e-06,0.5435728549211751,True,-0.0580268690306461,1.553434325457447,
robust,ORIGINAL_LOGIT_EPS_1E-6,ATG_vs_CON,-0.1860880053885873,0.0576452585717516,-0.2990727121892206,-0.0731032985879541,0.001245901172147,0.0026697882260294,-0.185725376562871,True,-0.0580268690306461,1.553434325457447,
robust,RAW_FRACTION_IDENTITY,ATG_vs_MST,0.4781063699137458,0.0828708072259361,0.315679587750911,0.6405331520765806,7.960250274910658e-09,2.9850938530914965e-08,0.357847478358304,True,0.4696705952403254,0.2006923708943378,
robust,RAW_FRACTION_IDENTITY,CON_vs_MST,0.7530858028004602,0.1288727349220829,0.5004952423531777,1.0056763632477428,5.107249433318273e-09,2.5536247166591373e-08,0.5435728549211751,True,0.4696705952403254,0.2006923708943378,
robust,RAW_FRACTION_IDENTITY,ATG_vs_CON,-0.2749794328867144,0.0998913962849542,-0.4707665696052247,-0.0791922961682041,0.0059090877294356,0.0110795394926917,-0.185725376562871,True,0.4696705952403254,0.2006923708943378,
robust,SMITHSON_VERKUILEN_ADJUSTED_LOGIT,ATG_vs_MST,0.4196400468281996,0.0859153216814629,0.2512460163325323,0.588034077323867,1.03773391268545e-06,3.11320173805635e-06,0.357847478358304,True,-0.1162664528556699,1.094688704175533,
robust,SMITHSON_VERKUILEN_ADJUSTED_LOGIT,CON_vs_MST,0.6733523363373308,0.1160422386597541,0.4459095485642127,0.9007951241104488,6.527549034153365e-09,3.2637745170766824e-08,0.5435728549211751,True,-0.1162664528556699,1.094688704175533,
robust,SMITHSON_VERKUILEN_ADJUSTED_LOGIT,ATG_vs_CON,-0.2537122895091311,0.0824350482395863,-0.4152849840587204,-0.0921395949595419,0.002085883195402,0.0039110309913788,-0.185725376562871,True,-0.1162664528556699,1.094688704175533,
bias_reduced,ORIGINAL_LOGIT_EPS_1E-6,ATG_vs_MST,0.3580786668871151,0.1105527139865519,0.1413953474734732,0.5747619863007569,0.0011995556018671,0.0029988890046679,0.357847478358304,True,-0.0580268690306461,1.553434325457447,
bias_reduced,ORIGINAL_LOGIT_EPS_1E-6,CON_vs_MST,0.5441666722757025,0.1191773608829025,0.3105790449452136,0.7777542996061914,4.970622373686746e-06,1.86398339013253e-05,0.5435728549211751,True,-0.0580268690306461,1.553434325457447,
bias_reduced,ORIGINAL_LOGIT_EPS_1E-6,ATG_vs_CON,-0.1860880053885873,0.0625652122109215,-0.3087158213219935,-0.0634601894551812,0.0029365330983597,0.0062925709250566,-0.185725376562871,True,-0.0580268690306461,1.553434325457447,
bias_reduced,RAW_FRACTION_IDENTITY,ATG_vs_MST,0.4781063699137458,0.091376473638102,0.2990084815830657,0.6572042582444259,1.6744104796836685e-07,6.279039298813757e-07,0.357847478358304,True,0.4696705952403254,0.2006923708943378,
bias_reduced,RAW_FRACTION_IDENTITY,CON_vs_MST,0.7530858028004602,0.1409523236545612,0.4768192484375201,1.0293523571634002,9.150120257888902e-08,4.575060128944451e-07,0.5435728549211751,True,0.4696705952403254,0.2006923708943378,
bias_reduced,RAW_FRACTION_IDENTITY,ATG_vs_CON,-0.2749794328867144,0.1084639132621258,-0.487568702880481,-0.0623901628929478,0.0112378055009874,0.0210708853143514,-0.185725376562871,True,0.4696705952403254,0.2006923708943378,
bias_reduced,SMITHSON_VERKUILEN_ADJUSTED_LOGIT,ATG_vs_MST,0.4196400468281996,0.0944932900141276,0.2344331984005095,0.6048468952558899,8.956229434433946e-06,2.686868830330184e-05,0.357847478358304,True,-0.1162664528556699,1.094688704175533,
bias_reduced,SMITHSON_VERKUILEN_ADJUSTED_LOGIT,CON_vs_MST,0.6733523363373308,0.1254352452466416,0.4274992556539131,0.9192054170207484,7.955849187400729e-08,3.9779245937003634e-07,0.5435728549211751,True,-0.1162664528556699,1.094688704175533,
bias_reduced,SMITHSON_VERKUILEN_ADJUSTED_LOGIT,ATG_vs_CON,-0.2537122895091311,0.0891278745047425,-0.4284029235384266,-0.0790216554798357,0.0044187474585747,0.0082851514848276,-0.185725376562871,True,-0.1162664528556699,1.094688704175533,
