dataset,outcome,tier,contrast,estimate_integrated_SD_units,se,ci95_low,ci95_high,p,q_bh,outcome_label,contrast_label
INTEGRATED_GOPRO_CAE,displacement_norm,SECONDARY,ATG_vs_MST,-0.2217010630035873,0.1442489456047236,-0.5044289963888458,0.061026870381671,0.1243095504841195,0.248619100968239,Normalised displacement,ATG vs MST
INTEGRATED_GOPRO_CAE,displacement_norm,SECONDARY,CON_vs_MST,-0.3063860594676157,0.1404009148696442,-0.5815718526121183,-0.031200266323113,0.0290931028858528,0.1047351703890703,Normalised displacement,CON vs MST
INTEGRATED_GOPRO_CAE,displacement_norm,SECONDARY,ATG_vs_CON,0.0846849964640283,0.1427904253339703,-0.1951842371905534,0.3645542301186101,0.5531329994219363,0.734813677775577,Normalised displacement,ATG vs CON
INTEGRATED_GOPRO_CAE,peak_speed_norm_s,SECONDARY,ATG_vs_MST,-0.2828334831652153,0.1350406400741703,-0.5475131377105893,-0.0181538286198413,0.0362214848143305,0.1086644544429916,Peak normalised speed,ATG vs MST
INTEGRATED_GOPRO_CAE,peak_speed_norm_s,SECONDARY,CON_vs_MST,-0.3290596401981908,0.1313713131896492,-0.5865474140499034,-0.0715718663464783,0.012251860892775,0.0551333740174878,Peak normalised speed,CON vs MST
INTEGRATED_GOPRO_CAE,peak_speed_norm_s,SECONDARY,ATG_vs_CON,0.0462261570329755,0.133771992189263,-0.2159669476579799,0.3084192617239309,0.7296739316134371,0.8208831730651167,Peak normalised speed,ATG vs CON
INTEGRATED_GOPRO_CAE,velocity_peak_count,SECONDARY,ATG_vs_MST,-0.4297757842855369,0.1090208748655713,-0.6434566990220568,-0.216094869549017,8.075709307605503e-05,0.0007268138376844,Velocity peak count,ATG vs MST
INTEGRATED_GOPRO_CAE,velocity_peak_count,SECONDARY,CON_vs_MST,-0.630849586600482,0.1055351717844898,-0.8376985232980821,-0.4240006499028818,2.2641543098663142e-09,4.075477757759365e-08,Velocity peak count,CON vs MST
INTEGRATED_GOPRO_CAE,velocity_peak_count,SECONDARY,ATG_vs_CON,0.201073802314945,0.1069987582403085,-0.0086437638360596,0.4107913684659497,0.0602149753826238,0.1548385081267469,Velocity peak count,ATG vs CON
INTEGRATED_GOPRO_CAE,sparc,SECONDARY,ATG_vs_MST,0.0700355202465358,0.1382109004282874,-0.2008578445929074,0.3409288850859792,0.6123447314796475,0.734813677775577,SPARC,ATG vs MST
INTEGRATED_GOPRO_CAE,sparc,SECONDARY,CON_vs_MST,-0.0042057500832077,0.1342223335629009,-0.2672815238664935,0.2588700237000779,0.975003012339329,0.984100959257942,SPARC,CON vs MST
INTEGRATED_GOPRO_CAE,sparc,SECONDARY,ATG_vs_CON,0.0742412703297436,0.13648998768502,-0.1932791055328957,0.3417616461923829,0.5864882757305393,0.734813677775577,SPARC,ATG vs CON
INTEGRATED_GOPRO_CAE,stillness_episode_count,SECONDARY,ATG_vs_MST,-0.1994468774974347,0.1260693839132714,-0.4465428699674467,0.0476491149725771,0.1136403137024396,0.248619100968239,Stillness episode count,ATG vs MST
INTEGRATED_GOPRO_CAE,stillness_episode_count,SECONDARY,CON_vs_MST,-0.3730875253076008,0.1221684574629183,-0.6125377019349209,-0.1336373486802809,0.0022590417002168,0.013554250201301,Stillness episode count,CON vs MST
INTEGRATED_GOPRO_CAE,stillness_episode_count,SECONDARY,ATG_vs_CON,0.173640647810166,0.1239829685508377,-0.0693659705494759,0.4166472661698082,0.1613576086284789,0.2614062482294468,Stillness episode count,ATG vs CON
INTEGRATED_GOPRO_CAE,longest_stillness_sec,SECONDARY,ATG_vs_MST,-0.1713448522473385,0.1261179454321089,-0.418536025294272,0.0758463207995949,0.1742708321529645,0.2614062482294468,Longest stillness duration,ATG vs MST
INTEGRATED_GOPRO_CAE,longest_stillness_sec,SECONDARY,CON_vs_MST,-0.0024385073511983,0.1223670428299603,-0.2422779112979205,0.2374008965955238,0.984100959257942,0.984100959257942,Longest stillness duration,CON vs MST
INTEGRATED_GOPRO_CAE,longest_stillness_sec,SECONDARY,ATG_vs_CON,-0.1689063448961401,0.1239738439393637,-0.411895079017293,0.0740823892250127,0.173060540529683,0.2614062482294468,Longest stillness duration,ATG vs CON
