authoritative_device,hand,trajectory_point,normalized_time_0_1,n_participants,participant_mean_speed_mean,participant_mean_speed_sd,participant_mean_speed_se,ci95_low,ci95_high
ATG,left,1,0.0,2,0.0391688285792865,0.0274630072493077,0.0194192786577608,-0.2075765018750498,0.2859141590336229
ATG,left,2,0.0101010101010101,9,0.0215456148222783,0.0163784264264544,0.0054594754754848,0.0089560417997646,0.034135187844792
ATG,left,3,0.0202020202020202,9,0.0146794269097086,0.0159246199169804,0.0053082066389934,0.0024386804496714,0.0269201733697458
ATG,left,4,0.0303030303030303,9,0.0303502799543854,0.0455686974981978,0.0151895658327326,-0.0046769216678518,0.0653774815766227
ATG,left,5,0.0404040404040404,9,0.0162982906428175,0.0108389375112748,0.0036129791704249,0.007966745735411,0.024629835550224
ATG,left,6,0.0505050505050505,10,0.0118095831183346,0.0074818925723104,0.0023659821737197,0.0064573595970017,0.0171618066396675
ATG,left,7,0.0606060606060606,10,0.020649985216575,0.0164429252186438,0.0051997095086736,0.0088874251070589,0.032412545326091
ATG,left,8,0.0707070707070707,10,0.1700701410341357,0.4736260533541478,0.1497737087795538,-0.1687415270803844,0.5088818091486559
ATG,left,9,0.0808080808080808,10,0.0485110868340896,0.0605502001236185,0.0191476545169643,0.0051960830177533,0.0918260906504259
ATG,left,10,0.0909090909090909,9,0.0270157662961276,0.0383183491426209,0.0127727830475403,-0.0024383242295659,0.0564698568218213
ATG,left,11,0.101010101010101,10,0.0161979888752582,0.0143619295781506,0.0045416409061897,0.0059240833684638,0.0264718943820526
ATG,left,12,0.1111111111111111,10,0.1314213080248538,0.3796176791622472,0.1200456506219741,-0.1401408203924157,0.4029834364421235
ATG,left,13,0.1212121212121212,9,0.010153484816469,0.0045435804431963,0.0015145268143987,0.0066609797195879,0.0136459899133502
ATG,left,14,0.1313131313131313,9,0.0556077054092813,0.0765030481213697,0.0255010160404565,-0.0031977430319193,0.114413153850482
ATG,left,15,0.1414141414141414,9,0.0166325586791372,0.0130918445817298,0.0043639481939099,0.0065692760981641,0.0266958412601102
ATG,left,16,0.1515151515151515,9,0.0295068134735905,0.046515335195025,0.015505111731675,-0.0062480382964546,0.0652616652436358
ATG,left,17,0.1616161616161616,10,0.0189183908421334,0.0222440154723884,0.0070341753200773,0.003005980757442,0.0348308009268248
ATG,left,18,0.1717171717171717,10,0.0372872729225219,0.0720898279436364,0.0227968052431543,-0.0142826833471953,0.0888572291922393
ATG,left,19,0.1818181818181818,10,0.0247113742795238,0.0275649177134911,0.0087167923489752,0.0049926200306648,0.0444301285283828
ATG,left,20,0.1919191919191919,10,0.0148922029542988,0.0123656195350058,0.003910352240969,0.0060463716233266,0.0237380342852709
ATG,left,21,0.202020202020202,10,0.0144959566040036,0.0166442750948239,0.0052633819302058,0.0025893594700458,0.0264025537379615
ATG,left,22,0.2121212121212121,10,0.0299850467578156,0.053722156005758,0.0169884373793089,-0.0084454685445367,0.068415562060168
ATG,left,23,0.2222222222222222,10,0.0165042467030728,0.0116506976780299,0.0036842740992609,0.0081698396597177,0.0248386537464279
ATG,left,24,0.2323232323232323,9,0.0169564700027812,0.0247297118695506,0.0082432372898502,-0.0020524692750824,0.035965409280645
ATG,left,25,0.2424242424242424,10,0.0159571868939591,0.0139860262437336,0.0044227698345087,0.0059521864334172,0.0259621873545009
ATG,left,26,0.2525252525252525,10,0.0153464228255271,0.0118628112237685,0.0037513502919718,0.0068602788923779,0.0238325667586762
ATG,left,27,0.2626262626262626,10,0.0151304668224915,0.0113989042070562,0.0036046500124373,0.0069761819774757,0.0232847516675073
ATG,left,28,0.2727272727272727,10,0.0110118474884999,0.0051251339295987,0.0016207096530941,0.0073455475379369,0.014678147439063
ATG,left,29,0.2828282828282829,10,0.0127392950962862,0.0063962648262732,0.0020226765368644,0.0081636828803944,0.017314907312178
ATG,left,30,0.2929292929292929,10,0.0365680779516314,0.0472581510158828,0.0149443395218389,0.002761633259015,0.0703745226442478
ATG,left,31,0.303030303030303,10,0.0159872992984697,0.010162298559724,0.0032136009711376,0.0087176288432353,0.023256969753704
ATG,left,32,0.3131313131313131,10,0.0157769245677429,0.010777532862798,0.0034081551403756,0.0080671420050144,0.0234867071304713
ATG,left,33,0.3232323232323232,10,0.0259551379335106,0.034933115324791,0.0110468210191672,0.0009654926388516,0.0509447832281696
ATG,left,34,0.3333333333333333,10,0.0170022390878662,0.0177636249783776,0.0056173514432732,0.0042949072845108,0.0297095708912217
ATG,left,35,0.3434343434343435,10,0.0269751377435122,0.0351947202789579,0.0111295477694023,0.0017983515382538,0.0521519239487705
ATG,left,36,0.3535353535353536,10,0.0401824998335352,0.0617397627532778,0.0195238272498786,-0.0039834658250124,0.0843484654920829
ATG,left,37,0.3636363636363636,10,0.0311777141469556,0.0433649699328443,0.0137132075652507,0.0001562834282851,0.0621991448656261
ATG,left,38,0.3737373737373737,10,0.0510465884649423,0.0762344054057681,0.024107435715088,-0.0034882199146413,0.1055813968445259
ATG,left,39,0.3838383838383838,10,0.0292211462403033,0.0225266749273938,0.0071235600880772,0.0131065337624358,0.0453357587181707
ATG,left,40,0.393939393939394,10,0.040969327473158,0.0456884669062998,0.0144479618225134,0.0082857671485242,0.0736528877977918
ATG,left,41,0.4040404040404041,10,0.0289773224124064,0.0423384659462046,0.0133885985027482,-0.0013097915904148,0.0592644364152277
ATG,left,42,0.4141414141414142,10,0.0460524712086454,0.1047114282378676,0.0331126610280933,-0.0288535721153648,0.1209585145326556
ATG,left,43,0.4242424242424242,10,0.0799228483360667,0.144437477125436,0.0456751407204847,-0.0234014984065937,0.1832471950787273
ATG,left,44,0.4343434343434343,10,0.0709457423130578,0.1204259219993078,0.038082020284359,-0.0152017726470316,0.1570932572731472
ATG,left,45,0.4444444444444445,10,0.0403663389210408,0.0648635703945686,0.0205116619617503,-0.0060342641066281,0.0867669419487098
ATG,left,46,0.4545454545454546,10,0.0149653175455566,0.0152244998858384,0.0048144095876223,0.0040743664122724,0.0258562686788408
ATG,left,47,0.4646464646464647,10,0.0528265240245391,0.0629531282585711,0.0199075271129794,0.0077925689723132,0.097860479076765
ATG,left,48,0.4747474747474748,10,0.0418836424877754,0.0493663854634644,0.0156110217914374,0.0065690577236762,0.0771982272518745
ATG,left,49,0.4848484848484848,10,0.0224845027964145,0.0202867401527306,0.0064152305182621,0.0079722431285263,0.0369967624643028
ATG,left,50,0.494949494949495,10,0.0365552973285434,0.047226695715989,0.0149343924826241,0.0027713544019355,0.0703392402551514
ATG,left,51,0.5050505050505051,10,0.0184359386433466,0.0142337874385738,0.0045011188036587,0.0082537005010443,0.0286181767856489
ATG,left,52,0.5151515151515152,10,0.0207995721225343,0.0211794893120536,0.0066975425905282,0.0056486781782248,0.0359504660668438
ATG,left,53,0.5252525252525253,10,0.02341870365157,0.0208010421804437,0.0065778670995437,0.0085385344764025,0.0382988728267375
ATG,left,54,0.5353535353535354,10,0.0455293255263632,0.0829238443447611,0.0262228220466718,-0.013790819195298,0.1048494702480246
ATG,left,55,0.5454545454545455,10,0.0160803524990822,0.0146341716753049,0.0046277314163885,0.0056116967279925,0.0265490082701719
ATG,left,56,0.5555555555555556,10,0.0304180294175581,0.0282926090778703,0.0089469085634826,0.0101787161257753,0.050657342709341
ATG,left,57,0.5656565656565657,10,0.0532667494664746,0.0821842237631763,0.0259889334824571,-0.005524302564352,0.1120578014973012
ATG,left,58,0.5757575757575758,10,0.0417249663177833,0.0350022951145137,0.0110686975895247,0.0166858327827926,0.0667640998527739
ATG,left,59,0.5858585858585859,10,0.0540796051505696,0.055017211050039,0.0173979697428307,0.0147226632786787,0.0934365470224606
ATG,left,60,0.595959595959596,10,0.0339741782353817,0.0224263832876068,0.0070918450868772,0.017931310074647,0.0500170463961163
ATG,left,61,0.6060606060606061,10,0.0501468917163738,0.0550149522294577,0.0173972554410444,0.010791565707385,0.0895022177253626
ATG,left,62,0.6161616161616162,10,0.098763078353292,0.1412931176108023,0.0446808069356183,-0.0023119290957207,0.1998380858023048
ATG,left,63,0.6262626262626263,10,0.1115509730202972,0.2597712739684932,0.0821468896424045,-0.0742782017858619,0.2973801478264564
ATG,left,64,0.6363636363636365,8,0.1750226726481876,0.3797714957840548,0.1342694999851317,-0.1424742432658918,0.4925195885622671
ATG,left,65,0.6464646464646465,8,0.0465769887898569,0.0377285205797545,0.0133390463730403,0.015035156243045,0.0781188213366688
ATG,left,66,0.6565656565656566,9,0.0732417669664251,0.0923575597567318,0.0307858532522439,0.0022494620609619,0.1442340718718883
ATG,left,67,0.6666666666666667,7,0.0331987950902216,0.035088296341879,0.0132621294356499,0.0007475334027111,0.0656500567777321
ATG,left,68,0.6767676767676768,9,0.0380824493821066,0.0375340897319705,0.0125113632439901,0.0092311940044239,0.0669337047597894
ATG,left,69,0.686868686868687,9,0.0988333732171892,0.1768628537917748,0.0589542845972582,-0.0371154508520916,0.23478219728647
ATG,left,70,0.696969696969697,8,0.0470865803820484,0.0463068833578014,0.0163719556189579,0.0083730570794597,0.0858001036846371
ATG,left,71,0.7070707070707072,8,0.0320995120366725,0.0264003650125565,0.0093339385630893,0.0100282545475142,0.0541707695258308
ATG,left,72,0.7171717171717172,8,0.0455222825579442,0.0534081996049824,0.0188826500558238,0.0008719103016033,0.0901726548142852
ATG,left,73,0.7272727272727273,8,0.0850012981694426,0.0745334909860438,0.026351568450869,0.0226897403430104,0.1473128559958748
ATG,left,74,0.7373737373737375,8,0.1596337489034721,0.2821765998742108,0.0997644936316087,-0.0762717921857037,0.3955392899926481
ATG,left,75,0.7474747474747475,8,0.2563942892605046,0.544272865654356,0.1924295170600149,-0.1986292135018939,0.7114177920229032
ATG,left,76,0.7575757575757577,8,0.0729257917966371,0.1182050166374106,0.0417917844172908,-0.0258960751538262,0.1717476587471006
ATG,left,77,0.7676767676767677,8,0.0595621954828967,0.066246929749887,0.0234218266294669,0.0041783762182573,0.114946014747536
ATG,left,78,0.7777777777777778,8,0.0345562249819392,0.0229400244779525,0.0081105234344728,0.0153778845756732,0.0537345653882053
ATG,left,79,0.787878787878788,9,0.0730577828772811,0.0628775695872,0.0209591898624,0.0247258043840574,0.1213897613705047
ATG,left,80,0.797979797979798,9,0.0573094159408291,0.0643693559315904,0.0214564519771968,0.0078307489546037,0.1067880829270546
ATG,left,81,0.8080808080808082,9,0.0808921188563103,0.073085776278045,0.024361925426015,0.0247134180823842,0.1370708196302364
ATG,left,82,0.8181818181818182,9,0.080923046130658,0.101962745530649,0.0339875818435496,0.0025475418538424,0.1592985504074736
ATG,left,83,0.8282828282828284,10,0.0938136682921449,0.1264250760416391,0.0399791193651563,0.003374617057892,0.1842527195263979
ATG,left,84,0.8383838383838385,10,0.0460370388053013,0.0385287980913796,0.0121838757477507,0.0184751970118835,0.0735988805987191
ATG,left,85,0.8484848484848485,10,0.1351069706958398,0.1584085233674073,0.0500931734625012,0.0217883395403495,0.24842560185133
ATG,left,86,0.8585858585858587,10,0.0790416303885028,0.0802095666716619,0.0253644920817582,0.021663162945015,0.1364200978319907
ATG,left,87,0.8686868686868687,10,0.1842113589493846,0.2382868156348696,0.0753529073794809,0.0137512397832221,0.3546714781155471
ATG,left,88,0.8787878787878789,10,0.066016860824785,0.0481256721074438,0.0152186737785958,0.0315898289282453,0.1004438927213248
ATG,left,89,0.888888888888889,10,0.0648626191082254,0.0741810508410929,0.0234581079882602,0.0117966920968885,0.1179285461195621
ATG,left,90,0.8989898989898991,10,0.0934327028267617,0.1081738712530125,0.0342075816477332,0.0160497769803376,0.1708156286731859
ATG,left,91,0.9090909090909092,10,0.088773348528041,0.1133440858329626,0.0358425470541785,0.0076918739764994,0.1698548230795827
ATG,left,92,0.9191919191919192,10,0.1417984824125834,0.1745301446129142,0.0551912777335375,0.0169471381636765,0.2666498266614904
ATG,left,93,0.9292929292929294,10,0.071549901451044,0.0516079665395124,0.0163198719674617,0.0346317861839008,0.1084680167181872
ATG,left,94,0.9393939393939394,10,0.072040361167189,0.0735932440365763,0.0232722271556185,0.0193949258128397,0.1246857965215384
ATG,left,95,0.9494949494949496,10,0.1483307170354413,0.2598159064378657,0.082161003668486,-0.0375303859159139,0.3341918199867966
ATG,left,96,0.9595959595959596,9,0.0804171226698578,0.1691986102391623,0.0563995367463874,-0.0496404422909109,0.2104746876306266
ATG,left,97,0.9696969696969696,9,0.0434013930370309,0.0358912801309126,0.0119637600436375,0.0158129129038123,0.0709898731702494
ATG,left,98,0.97979797979798,9,0.0607730672895074,0.0603159686781777,0.0201053228927259,0.0144101095592664,0.1071360250197484
ATG,left,99,0.98989898989899,10,0.0403999841895561,0.0209244071448502,0.0066168785266427,0.0254315650351456,0.0553684033439667
ATG,right,1,0.0,3,0.1544910693384883,0.0707181009487348,0.0408291146193312,-0.0211824321316306,0.3301645708086074
ATG,right,2,0.0101010101010101,16,0.1077812740923701,0.096219343719459,0.0240548359298647,0.0565096049811449,0.1590529432035954
ATG,right,3,0.0202020202020202,16,0.1069581431826138,0.1380654886488162,0.034516372162204,0.0333882374231119,0.1805280489421157
ATG,right,4,0.0303030303030303,16,0.0713092783545563,0.0796745811218388,0.0199186452804597,0.0288536909233541,0.1137648657857586
ATG,right,5,0.0404040404040404,15,0.0513011897434587,0.0318747779138207,0.0082300322682858,0.0336495260933052,0.0689528533936121
ATG,right,6,0.0505050505050505,16,0.0763404035654943,0.066200307833736,0.016550076958434,0.0410647495534608,0.1116160575775278
ATG,right,7,0.0606060606060606,16,0.0372551352782012,0.0281343735322688,0.0070335933830672,0.0222633858582104,0.0522468846981921
ATG,right,8,0.0707070707070707,16,0.0505255060751445,0.0466684232840664,0.0116671058210166,0.0256576586749408,0.0753933534753481
ATG,right,9,0.0808080808080808,16,0.0659570986252948,0.1011009202576066,0.0252752300644016,0.0120842209906071,0.1198299762599825
ATG,right,10,0.0909090909090909,16,0.0899399168920895,0.1328415219034267,0.0332103804758566,0.0191536665189575,0.1607261672652215
ATG,right,11,0.101010101010101,16,0.0398420059065141,0.0481252751802405,0.0120313187950601,0.0141978569282983,0.0654861548847298
ATG,right,12,0.1111111111111111,16,0.0338636616000467,0.036813148857327,0.0092032872143317,0.0142473192494032,0.0534800039506902
ATG,right,13,0.1212121212121212,16,0.0332748756115412,0.0417974990688119,0.0104493747672029,0.0110025605126026,0.0555471907104798
ATG,right,14,0.1313131313131313,16,0.0368586768943505,0.0483448076315396,0.0120862019078849,0.0110975473302455,0.0626198064584556
ATG,right,15,0.1414141414141414,16,0.0454720301954613,0.0577773492299559,0.0144443373074889,0.0146846540055018,0.0762594063854208
ATG,right,16,0.1515151515151515,16,0.0383405512835218,0.0347360910873897,0.0086840227718474,0.0198309948928368,0.0568501076742067
ATG,right,17,0.1616161616161616,16,0.0288279427418177,0.0201980266535688,0.0050495066633922,0.0180651740588293,0.0395907114248061
ATG,right,18,0.1717171717171717,16,0.0319629636715952,0.0241274507588057,0.0060318626897014,0.0191063526827522,0.0448195746604383
ATG,right,19,0.1818181818181818,16,0.0277608104012314,0.0186087902017793,0.0046521975504448,0.0178448860464815,0.0376767347559813
ATG,right,20,0.1919191919191919,16,0.0371592621845725,0.0535547594869168,0.0133886898717292,0.0086219452418345,0.0656965791273106
ATG,right,21,0.202020202020202,16,0.0264304167282561,0.0211496944051492,0.0052874236012873,0.0151605400961102,0.0377002933604019
ATG,right,22,0.2121212121212121,16,0.0385891299541721,0.04980990748075,0.0124524768701875,0.0120473037881173,0.0651309561202269
ATG,right,23,0.2222222222222222,16,0.0227915522059255,0.0157289200330161,0.003932230008254,0.0144102023417959,0.031172902070055
ATG,right,24,0.2323232323232323,16,0.0195365151684881,0.0131735883466284,0.0032933970866571,0.0125168054447849,0.0265562248921913
ATG,right,25,0.2424242424242424,16,0.0222118924803978,0.009725954876895,0.0024314887192237,0.0170292969547746,0.027394488006021
ATG,right,26,0.2525252525252525,16,0.0266142761391778,0.0276614411850428,0.0069153602962607,0.0118745345783308,0.0413540177000248
ATG,right,27,0.2626262626262626,16,0.0296401709031526,0.0218134882754845,0.0054533720688711,0.0180165834851888,0.0412637583211164
ATG,right,28,0.2727272727272727,16,0.0202296825510521,0.0154639930809258,0.0038659982702314,0.0119895022948324,0.0284698628072718
ATG,right,29,0.2828282828282829,16,0.0273957877839646,0.0167880630546914,0.0041970157636728,0.0184500604417768,0.0363415151261523
ATG,right,30,0.2929292929292929,16,0.0279008502987823,0.0172962957055674,0.0043240739263918,0.0186843048934075,0.0371173957041571
ATG,right,31,0.303030303030303,16,0.023801579265187,0.0167105383117342,0.0041776345779335,0.0148971619425357,0.0327059965878383
ATG,right,32,0.3131313131313131,16,0.0481014077053942,0.0612329972532338,0.0153082493133084,0.0154726466632271,0.0807301687475613
ATG,right,33,0.3232323232323232,16,0.0281444619337725,0.0257880108590162,0.006447002714754,0.0144030009271873,0.0418859229403576
ATG,right,34,0.3333333333333333,16,0.0372483923737971,0.0474118686050313,0.0118529671512578,0.0119843909257136,0.0625123938218806
ATG,right,35,0.3434343434343435,16,0.0600426561757583,0.1232412073621516,0.0308103018405379,-0.0056279476808157,0.1257132600323323
ATG,right,36,0.3535353535353536,16,0.0295929894826038,0.019072713432793,0.0047681783581982,0.0194298578878742,0.0397561210773335
ATG,right,37,0.3636363636363636,16,0.0382811800881138,0.0402781685551039,0.0100695421387759,0.0168184590724247,0.0597439011038029
ATG,right,38,0.3737373737373737,16,0.0378581895975306,0.0401478571989844,0.0100369642997461,0.016464906602037,0.0592514725930241
ATG,right,39,0.3838383838383838,16,0.044218755194574,0.0612342814075874,0.0153085703518968,0.0115893098748536,0.0768482005142944
ATG,right,40,0.393939393939394,16,0.0710972817021083,0.1298958103368682,0.032473952584217,0.0018806902239491,0.1403138731802674
ATG,right,41,0.4040404040404041,16,0.057733595070647,0.0899880231898151,0.0224970057974537,0.0097823622872085,0.1056848278540855
ATG,right,42,0.4141414141414142,15,0.0281486313168878,0.0224867461533435,0.0058060528908195,0.0156958863673113,0.0406013762664643
ATG,right,43,0.4242424242424242,15,0.0310023328999062,0.0260426893525272,0.0067241934768527,0.0165803722437687,0.0454242935560437
ATG,right,44,0.4343434343434343,16,0.096520095298685,0.1401929783232052,0.0350482445808013,0.0218165303142682,0.1712236602831018
ATG,right,45,0.4444444444444445,16,0.0487060145527414,0.0522466729583715,0.0130616682395928,0.0208657277192085,0.0765463013862742
ATG,right,46,0.4545454545454546,16,0.032114571227103,0.0363629802159061,0.0090907450539765,0.0127381068130049,0.0514910356412011
ATG,right,47,0.4646464646464647,16,0.0238505004171529,0.0152216962253783,0.0038054240563445,0.015739431041595,0.0319615697927108
ATG,right,48,0.4747474747474748,16,0.0415382417001357,0.0340751404605341,0.0085187851151335,0.023380881037763,0.0596956023625085
ATG,right,49,0.4848484848484848,16,0.056947180452109,0.0703630948712988,0.0175907737178247,0.0194533338052066,0.0944410270990113
ATG,right,50,0.494949494949495,16,0.0503427722319676,0.0394555082949748,0.0098638770737437,0.0293184159256791,0.0713671285382562
ATG,right,51,0.5050505050505051,16,0.0454126420622894,0.0402892565180709,0.0100723141295177,0.0239440126881935,0.0668812714363853
ATG,right,52,0.5151515151515152,16,0.0441165028769399,0.0602776128283565,0.0150694032070891,0.0119968302593328,0.0762361754945471
ATG,right,53,0.5252525252525253,16,0.0906034815907969,0.1647321898328953,0.0411830474582238,0.002823893801199,0.1783830693803947
ATG,right,54,0.5353535353535354,15,0.0577143640318252,0.0680136477455039,0.0175610483355436,0.0200496613358702,0.0953790667277803
ATG,right,55,0.5454545454545455,15,0.0573300950740095,0.0843284918660999,0.0217735229738795,0.0106305328505602,0.1040296572974588
ATG,right,56,0.5555555555555556,15,0.0371664847882959,0.0497752343527312,0.0128519102467799,0.0096018787766878,0.064731090799904
ATG,right,57,0.5656565656565657,15,0.0475542666214813,0.0637432122074782,0.0164584266208885,0.0122544523009275,0.0828540809420351
ATG,right,58,0.5757575757575758,15,0.2139867683561176,0.479652996697368,0.1238458712111591,-0.0516362075711593,0.4796097442833946
ATG,right,59,0.5858585858585859,16,0.0523750513651022,0.0514781172149976,0.0128695293037494,0.0249442989790573,0.0798058037511472
ATG,right,60,0.595959595959596,16,0.0984253406828543,0.1395827055546911,0.0348956763886727,0.0240469671022167,0.1728037142634919
ATG,right,61,0.6060606060606061,16,0.0560986651436231,0.0618094709785187,0.0154523677446296,0.0231627229365096,0.0890346073507366
ATG,right,62,0.6161616161616162,16,0.1807031650423935,0.500205671963345,0.1250514179908362,-0.0858376230057799,0.4472439530905669
ATG,right,63,0.6262626262626263,15,0.069514483548103,0.066335282311849,0.0171276962439839,0.0327792286493065,0.1062497384468995
ATG,right,64,0.6363636363636365,15,0.040126699973156,0.0210802646307533,0.0054429009232368,0.028452838529342,0.0518005614169699
ATG,right,65,0.6464646464646465,16,0.0521825974328161,0.038832413139428,0.009708103284857,0.0314902650980602,0.0728749297675719
ATG,right,66,0.6565656565656566,16,0.0586481303090015,0.0819498228414836,0.0204874557103709,0.0149801521454554,0.1023161084725476
ATG,right,67,0.6666666666666667,16,0.0947434148046529,0.1771877450452034,0.0442969362613008,0.0003267301408128,0.189160099468493
ATG,right,68,0.6767676767676768,16,0.0658963327943945,0.0708384764042222,0.0177096191010555,0.0281491732094128,0.1036434923793761
ATG,right,69,0.686868686868687,16,0.058121901157942,0.0476894105571616,0.0119223526392904,0.032710008042923,0.0835337942729609
ATG,right,70,0.696969696969697,16,0.1271165297210688,0.2043418592144404,0.0510854648036101,0.0182304389807041,0.2360026204614334
ATG,right,71,0.7070707070707072,16,0.0943028080542666,0.1439297939570904,0.0359824484892726,0.0176080345736785,0.1709975815348547
ATG,right,72,0.7171717171717172,16,0.0672656657955975,0.0819775566048194,0.0204943891512048,0.0235829093527367,0.1109484222384583
ATG,right,73,0.7272727272727273,16,0.0737353539172471,0.0659359073518797,0.0164839768379699,0.0386005889769382,0.108870118857556
ATG,right,74,0.7373737373737375,15,0.0675032367019245,0.0477224271713345,0.0123218777116783,0.0410754374157657,0.0939310359880832
ATG,right,75,0.7474747474747475,16,0.0358781533144041,0.0248461766120286,0.0062115441530071,0.0226385603522525,0.0491177462765557
ATG,right,76,0.7575757575757577,16,0.1174925086573756,0.1252351781005702,0.0313087945251425,0.0507593927947361,0.184225624520015
ATG,right,77,0.7676767676767677,16,0.2513952011773198,0.5546391536631617,0.1386597884157904,-0.0441511418289313,0.546941544183571
ATG,right,78,0.7777777777777778,16,0.1686021883091715,0.2592116838672251,0.0648029209668062,0.0304780318635262,0.3067263447548168
ATG,right,79,0.787878787878788,15,0.122987645253693,0.1253543154289154,0.0323663450687613,0.0535687392136596,0.1924065512937265
ATG,right,80,0.797979797979798,16,0.2484165036385505,0.4808272773966575,0.1202068193491643,-0.0077982668364118,0.504631274113513
ATG,right,81,0.8080808080808082,15,0.2098298060535877,0.2678514897245722,0.0691589572640076,0.0614985951634677,0.3581610169437077
ATG,right,82,0.8181818181818182,15,0.1477261864135845,0.2221040190163394,0.0573470111184011,0.0247290803749633,0.2707232924522057
ATG,right,83,0.8282828282828284,15,0.2678631174364411,0.5976904364502009,0.154323007103938,-0.0631268138395298,0.5988530487124122
ATG,right,84,0.8383838383838385,14,0.0710121980975997,0.0817088841504606,0.0218376178533305,0.0238348929554522,0.1181895032397472
ATG,right,85,0.8484848484848485,15,0.1551241919316473,0.1861539573236852,0.0480647451030159,0.0520355664765362,0.2582128173867583
ATG,right,86,0.8585858585858587,15,0.1801772658473258,0.3131319689369833,0.0808503267238716,0.0067705613761609,0.3535839703184908
ATG,right,87,0.8686868686868687,13,0.2323569126672304,0.3161524203400752,0.0876849047998604,0.0413079171211449,0.4234059082133159
ATG,right,88,0.8787878787878789,13,0.1954412861789978,0.2121734311906274,0.0588463219576105,0.0672261649190275,0.3236564074389682
ATG,right,89,0.888888888888889,13,0.1825174828918827,0.2374360448644762,0.0658529103386336,0.039036316975142,0.3259986488086234
ATG,right,90,0.8989898989898991,14,0.1679729592541452,0.2831329456531861,0.0756704626815934,0.0044968634567933,0.3314490550514971
ATG,right,91,0.9090909090909092,14,0.1651942084577234,0.1966175722928584,0.0525482565527952,0.0516706020492991,0.2787178148661478
ATG,right,92,0.9191919191919192,13,0.2117078860427997,0.247084585772477,0.0685289341061112,0.0623961652089844,0.3610196068766149
ATG,right,93,0.9292929292929294,13,0.2611787721146432,0.4834887153880928,0.1340956426492295,-0.0309905344919701,0.5533480787212566
ATG,right,94,0.9393939393939394,12,0.2507741513967418,0.4667041960526873,0.1347258966114734,-0.0457555477251517,0.5473038505186354
ATG,right,95,0.9494949494949496,10,0.163033548949852,0.2663199683264407,0.0842177686295453,-0.027480279590356,0.3535473774900601
ATG,right,96,0.9595959595959596,12,0.1213325404795882,0.1459087381624675,0.0421202246276096,0.0286265511344931,0.2140385298246834
ATG,right,97,0.9696969696969696,12,0.1262343408996697,0.1521070934056204,0.0439095356616932,0.0295901045217683,0.2228785772775712
ATG,right,98,0.97979797979798,13,0.2506770028315611,0.4309408394837635,0.1195214841115543,-0.0097379401715612,0.5110919458346834
ATG,right,99,0.98989898989899,13,0.287147100473256,0.4704837875542026,0.1304887246385526,0.0028365931038634,0.5714576078426487
CON,left,1,0.0,3,0.0632173543823308,0.0729138778549748,0.0420968470072292,-0.1179107593071695,0.2443454680718311
CON,left,2,0.0101010101010101,12,0.0174981871707423,0.0159270293597478,0.0045977373441207,0.0073786355063334,0.0276177388351513
CON,left,3,0.0202020202020202,12,0.0190711005535744,0.0202707243580368,0.0058516540823906,0.006191696756243,0.0319505043509059
CON,left,4,0.0303030303030303,12,0.0186877987993661,0.0289959589740632,0.0083704123595433,0.0002646454121635,0.0371109521865687
CON,left,5,0.0404040404040404,12,0.0207897975342661,0.0200812537487437,0.0057969586287511,0.0080307776187196,0.0335488174498127
CON,left,6,0.0505050505050505,12,0.0149267239834956,0.0093079208785367,0.0026869653124094,0.0090127532052014,0.0208406947617898
CON,left,7,0.0606060606060606,12,0.0245668241192596,0.0409781258882116,0.0118293660062226,-0.0014694349137289,0.0506030831522483
CON,left,8,0.0707070707070707,12,0.0168038747523327,0.0200555078869068,0.0057895264386201,0.0040612129769715,0.0295465365276939
CON,left,9,0.0808080808080808,12,0.0137477297915439,0.0185815630999227,0.0053640352288522,0.0019415678546315,0.0255538917284564
CON,left,10,0.0909090909090909,12,0.0230587023292962,0.0457258515182819,0.0131999163415024,-0.0059941176528018,0.0521115223113942
CON,left,11,0.101010101010101,13,0.1127644022788039,0.2547714414294663,0.0706608842767547,-0.0411924389390206,0.2667212434966284
CON,left,12,0.1111111111111111,13,0.0313589981038925,0.0591123476896716,0.0163948154313974,-0.0043622360980623,0.0670802323058475
CON,left,13,0.1212121212121212,13,0.0129595857643991,0.0082219736198258,0.002280365190138,0.0079910968317998,0.0179280746969984
CON,left,14,0.1313131313131313,13,0.0120679059118857,0.0088070921993804,0.002442647885585,0.0067458333604136,0.0173899784633579
CON,left,15,0.1414141414141414,13,0.0200735192200659,0.025033006678651,0.0069429068583775,0.0049462246818482,0.0352008137582836
CON,left,16,0.1515151515151515,13,0.0134895795781205,0.0105538223466433,0.0029271036633046,0.0071119685627465,0.0198671905934946
CON,left,17,0.1616161616161616,13,0.0101797350959271,0.0067741714124123,0.0018788171058642,0.0060861442810719,0.0142733259107823
CON,left,18,0.1717171717171717,13,0.0173952949344264,0.0356244534585626,0.0098804456619406,-0.0041323468366396,0.0389229367054926
CON,left,19,0.1818181818181818,13,0.0098272173899966,0.0093046847213927,0.0025806552203852,0.0042044526868735,0.0154499820931196
CON,left,20,0.1919191919191919,13,0.0173371825483049,0.0158627116078658,0.0043995246207736,0.0077514418601263,0.0269229232364835
CON,left,21,0.202020202020202,13,0.0250921911343202,0.0327347751710313,0.0090789931053799,0.0053107644758581,0.0448736177927823
CON,left,22,0.2121212121212121,12,0.0102474238138855,0.0064962673786944,0.0018753108599085,0.0061198924406681,0.0143749551871028
CON,left,23,0.2222222222222222,12,0.0115211291935558,0.0082597911693698,0.0023843963275428,0.006273108260857,0.0167691501262547
CON,left,24,0.2323232323232323,12,0.0100280653617283,0.004072050477703,0.0011754997197278,0.0074408079229155,0.012615322800541
CON,left,25,0.2424242424242424,12,0.0128911688943417,0.0062805688370003,0.001813044054353,0.0089006858361183,0.0168816519525652
CON,left,26,0.2525252525252525,13,0.0535735963836642,0.1427285220850114,0.0395857696037464,-0.0326763863012294,0.1398235790685579
CON,left,27,0.2626262626262626,13,0.0629320649521309,0.1605136983385895,0.0445184899826264,-0.0340653921794275,0.1599295220836894
CON,left,28,0.2727272727272727,13,0.0378885243226156,0.0749711942128812,0.0207932680705625,-0.0074161149202358,0.0831931635654671
CON,left,29,0.2828282828282829,11,0.0200080741974881,0.0271419192985712,0.0081835965821333,0.0017738847038546,0.0382422636911215
CON,left,30,0.2929292929292929,11,0.0161415070124184,0.0142847509125229,0.0043070144545932,0.0065448807700728,0.0257381332547641
CON,left,31,0.303030303030303,12,0.0107491288176854,0.0058621503072155,0.0016922570289504,0.0070244962099047,0.0144737614254661
CON,left,32,0.3131313131313131,13,0.0133505182322855,0.007977100538908,0.0022124496171203,0.0085300046215113,0.0181710318430597
CON,left,33,0.3232323232323232,13,0.0125523301454797,0.0119131164839077,0.0033041040256388,0.0053533059038627,0.0197513543870967
CON,left,34,0.3333333333333333,13,0.018261906013305,0.0205590585533767,0.005702056906882,0.0058381912690978,0.0306856207575123
CON,left,35,0.3434343434343435,13,0.0483657265246017,0.0787170209959639,0.0218321734963633,0.0007975068112043,0.095933946237999
CON,left,36,0.3535353535353536,13,0.0155319629443328,0.0143177140531474,0.0039710193973888,0.0068798549344446,0.024184070954221
CON,left,37,0.3636363636363636,13,0.0237133147464861,0.0217701512801949,0.0060379535934885,0.010557743992058,0.0368688855009142
CON,left,38,0.3737373737373737,13,0.0283464798819671,0.0355790870085931,0.0098678632725905,0.0068462527822448,0.0498467069816895
CON,left,39,0.3838383838383838,13,0.0232587059180535,0.0244903346763943,0.0067923967253087,0.0084593447887611,0.0380580670473458
CON,left,40,0.393939393939394,13,0.0251567923764584,0.0337379890726462,0.0093572345794207,0.0047691296246106,0.0455444551283061
CON,left,41,0.4040404040404041,13,0.0310329081856864,0.0525225229260785,0.0145671268866699,-0.0007061347663804,0.0627719511377533
CON,left,42,0.4141414141414142,13,0.0441510458287935,0.0604582429352309,0.0167680996098026,0.0076164952698176,0.0806855963877695
CON,left,43,0.4242424242424242,13,0.0288576240173142,0.0329564112061608,0.0091404638814683,0.008942264043261,0.0487729839913674
CON,left,44,0.4343434343434343,13,0.0409298354494879,0.0547882816978343,0.0151955353043159,0.007821608174783,0.0740380627241927
CON,left,45,0.4444444444444445,12,0.0682128675875358,0.1455591531610321,0.0420193081302679,-0.0242710060445018,0.1606967412195735
CON,left,46,0.4545454545454546,12,0.0547566022570033,0.1452049608936076,0.0419170616297967,-0.0375022283448258,0.1470154328588326
CON,left,47,0.4646464646464647,12,0.0171577424482277,0.0154912329384907,0.0044719337535584,0.0073150826197327,0.0270004022767226
CON,left,48,0.4747474747474748,13,0.0593554292897769,0.0677676790988598,0.0187953724469329,0.0184038306640254,0.1003070279155284
CON,left,49,0.4848484848484848,13,0.0934219113445807,0.1095675240219243,0.0303885635374369,0.0272109192340553,0.159632903455106
CON,left,50,0.494949494949495,12,0.0930323462841485,0.1810751544685322,0.05227189458798,-0.02201731799387,0.2080820105621671
CON,left,51,0.5050505050505051,12,0.0310588662625483,0.0298089455318797,0.0086051013635448,0.0121191658603018,0.0499985666647949
CON,left,52,0.5151515151515152,12,0.0548928810319726,0.0932145547782291,0.0269087241468008,-0.0043328214921356,0.1141185835560808
CON,left,53,0.5252525252525253,12,0.0573895110461904,0.0567781864184796,0.0163904506064039,0.0213143724942802,0.0934646495981006
CON,left,54,0.5353535353535354,12,0.0319159811592744,0.0383429032968881,0.011068642769985,0.0075540626801816,0.0562778996383672
CON,left,55,0.5454545454545455,12,0.069006509795877,0.0677354467283563,0.019553539201148,0.02596946018688,0.112043559404874
CON,left,56,0.5555555555555556,12,0.0206774475161123,0.017363474736139,0.0050124034064885,0.0096452220020381,0.0317096730301864
CON,left,57,0.5656565656565657,12,0.0291379098857594,0.0291142826933137,0.0084045694751237,0.0106395771940528,0.047636242577466
CON,left,58,0.5757575757575758,12,0.0335934043079552,0.0496688366600497,0.0143381581080076,0.0020353310891828,0.0651514775267276
CON,left,59,0.5858585858585859,12,0.023103798288749,0.0234288654110481,0.006763330875938,0.0082178073980197,0.0379897891794782
CON,left,60,0.595959595959596,12,0.0218323723296002,0.0175058286165038,0.0050534974320629,0.0107096994750684,0.032955045184132
CON,left,61,0.6060606060606061,12,0.0488459356465341,0.0779761833472985,0.0225097852229712,-0.0006977675860755,0.0983896388791438
CON,left,62,0.6161616161616162,12,0.0303048079849936,0.0339047239687828,0.0097874507550883,0.0087627741179164,0.0518468418520708
CON,left,63,0.6262626262626263,12,0.0197630852993002,0.0184463969228937,0.0053250161145056,0.0080428038540243,0.031483366744576
CON,left,64,0.6363636363636365,13,0.0272680584028981,0.0229067282984368,0.0063531833410104,0.0134256610302765,0.0411104557755198
CON,left,65,0.6464646464646465,13,0.077425741652399,0.1022425758135878,0.028356988433185,0.0156411714434503,0.1392103118613478
CON,left,66,0.6565656565656566,13,0.0817028532886439,0.122047170109806,0.0338497946043216,0.0079504865231473,0.1554552200541405
CON,left,67,0.6666666666666667,12,0.0261121853509387,0.021413914701234,0.0061816647085805,0.0125064330626906,0.0397179376391867
CON,left,68,0.6767676767676768,13,0.1139960675083445,0.1853652647221423,0.0514110743573569,0.0019809591115593,0.2260111759051297
CON,left,69,0.686868686868687,13,0.069046704325683,0.0660451169107047,0.018317619655043,0.0291360396123106,0.1089573690390554
CON,left,70,0.696969696969697,12,0.0436804571104727,0.0522545269581014,0.0150845826028182,0.0104795146554933,0.0768813995654521
CON,left,71,0.7070707070707072,12,0.0382752400227715,0.0426689940000633,0.0123174775859935,0.0111646546462383,0.0653858253993047
CON,left,72,0.7171717171717172,12,0.0606185659811927,0.0642419878388705,0.0185450644860242,0.0198011542545107,0.1014359777078746
CON,left,73,0.7272727272727273,12,0.045831157373588,0.0571655653030476,0.0165022772580458,0.0095098900209113,0.0821524247262646
CON,left,74,0.7373737373737375,13,0.0716173852609881,0.1166383164078677,0.0323496484994123,0.0011335560752433,0.1421012144467328
CON,left,75,0.7474747474747475,13,0.040786566036016,0.0372716082286143,0.0103372841990211,0.0182635585992725,0.0633095734727596
CON,left,76,0.7575757575757577,12,0.0611359680997246,0.0582880834008499,0.016826320321014,0.0241014867742244,0.0981704494252249
CON,left,77,0.7676767676767677,12,0.0425240775811677,0.0418405421459026,0.0120783241354883,0.0159398654001811,0.0691082897621543
CON,left,78,0.7777777777777778,12,0.0721553983060634,0.0953439714563123,0.0275234337929549,0.0115767289730048,0.132734067639122
CON,left,79,0.787878787878788,12,0.0304948051546718,0.0402612202027547,0.0116224131609816,0.0049140462628975,0.0560755640464461
CON,left,80,0.797979797979798,13,0.0390598427841368,0.0462717335237266,0.0128334698326463,0.0110981140636197,0.067021571504654
CON,left,81,0.8080808080808082,12,0.0748861987734722,0.1017774884340589,0.0293806301724239,0.0102198677698263,0.139552529777118
CON,left,82,0.8181818181818182,12,0.0702925896522871,0.0776148932059563,0.0224054897427914,0.0209784392238177,0.1196067400807566
CON,left,83,0.8282828282828284,12,0.0773494435173825,0.1201376850629626,0.0346807624054599,0.001017600122301,0.153681286912464
CON,left,84,0.8383838383838385,12,0.0578780775100251,0.0831088858069413,0.0239914687963437,0.0050732107204709,0.1106829442995792
CON,left,85,0.8484848484848485,12,0.0517862617648273,0.0804042747990163,0.0232107148496043,0.0006998228257294,0.1028727007039251
CON,left,86,0.8585858585858587,12,0.0842062318019858,0.1024633646732357,0.0295786255880837,0.0191041158267067,0.1493083477772649
CON,left,87,0.8686868686868687,13,0.0562449110169288,0.0509185884757396,0.0141222755095022,0.02547511595273,0.0870147060811275
CON,left,88,0.8787878787878789,13,0.0934347467868321,0.1122845540815989,0.0311421320910626,0.0255818698436333,0.161287623730031
CON,left,89,0.888888888888889,12,0.1146174297085781,0.1384785362842559,0.0399753101003502,0.0266323654076458,0.2026024940095104
CON,left,90,0.8989898989898991,13,0.0486208540358301,0.0471888313267767,0.0130878269983011,0.0201049286594664,0.0771367794121938
CON,left,91,0.9090909090909092,12,0.0949988640442184,0.1471391940813295,0.0424754266556,0.0015110803066818,0.1884866477817551
CON,left,92,0.9191919191919192,12,0.1864580640902846,0.1937341708599396,0.0559262378486075,0.063365244525744,0.3095508836548253
CON,left,93,0.9292929292929294,12,0.1441785497950675,0.2207215643864896,0.0637168273072475,0.0039387584436939,0.2844183411464411
CON,left,94,0.9393939393939394,12,0.1527595761572547,0.2150135654723063,0.0620690699524286,0.0161464742912694,0.2893726780232399
CON,left,95,0.9494949494949496,12,0.0563933856469598,0.0432290927120679,0.0124791641570678,0.028926930526906,0.0838598407670137
CON,left,96,0.9595959595959596,13,0.0581686769777131,0.0700284374638076,0.0194223940012601,0.0158509157449157,0.1004864382105105
CON,left,97,0.9696969696969696,13,0.0994659279320765,0.1112306675934259,0.0308498365701683,0.0322499082198565,0.1666819476442965
CON,left,98,0.97979797979798,12,0.0856022972524619,0.0891620407547556,0.0257388641156272,0.0289514392963511,0.1422531552085727
CON,left,99,0.98989898989899,13,0.0870299819630023,0.1193068700635012,0.033089772117621,0.0149335619423646,0.1591264019836399
CON,right,1,0.0,4,0.1120627487033086,0.051623637046885,0.0258118185234425,0.0299180222107253,0.1942074751958918
CON,right,2,0.0101010101010101,16,0.1423308917399138,0.2546560960744355,0.0636640240186088,0.0066342366769432,0.2780275468028844
CON,right,3,0.0202020202020202,16,0.0726797034294685,0.1177900807216188,0.0294475201804047,0.0099137999230825,0.1354456069358544
CON,right,4,0.0303030303030303,16,0.3322606104949166,0.9950335883867086,0.2487583970966771,-0.197955361950974,0.8624765829408073
CON,right,5,0.0404040404040404,15,0.0334764262160231,0.0315296064834465,0.0081409093881907,0.0160159121326864,0.0509369402993597
CON,right,6,0.0505050505050505,15,0.0629013069773259,0.0799796804106266,0.0206506646843565,0.0186100362656636,0.1071925776889882
CON,right,7,0.0606060606060606,16,0.0476695686888653,0.0702428960731888,0.0175607240182972,0.0102397714603651,0.0850993659173655
CON,right,8,0.0707070707070707,16,0.0801172698249113,0.0815652558263363,0.020391313956584,0.0366542129587834,0.1235803266910391
CON,right,9,0.0808080808080808,16,0.058426903340126,0.0707533413885224,0.0176883353471306,0.0207251090027755,0.0961286976774765
CON,right,10,0.0909090909090909,16,0.0512173570845406,0.0712571429847288,0.0178142857461822,0.0132471058263685,0.0891876083427127
CON,right,11,0.101010101010101,16,0.0448421051770127,0.0421058911036094,0.0105264727759023,0.0224054595624683,0.0672787507915572
CON,right,12,0.1111111111111111,16,0.0955860253109827,0.228445677725019,0.0571114194312547,-0.0261440836820389,0.2173161343040044
CON,right,13,0.1212121212121212,16,0.0674957598206741,0.1396837040621664,0.0349209260155416,-0.0069364320656785,0.1419279517070268
CON,right,14,0.1313131313131313,16,0.0610024352571153,0.0870650813334577,0.0217662703333644,0.0146087282465345,0.1073961422676962
CON,right,15,0.1414141414141414,16,0.0272305009860761,0.0249592958274246,0.0062398239568561,0.013930631048862,0.0405303709232902
CON,right,16,0.1515151515151515,16,0.0734204013174291,0.1494742526065317,0.0373685631516329,-0.0062288056303406,0.1530696082651989
CON,right,17,0.1616161616161616,16,0.0409005901030414,0.0455030000044735,0.0113757500011183,0.0166537529327559,0.0651474272733268
CON,right,18,0.1717171717171717,16,0.0329336060238997,0.0315905796129063,0.0078976449032265,0.0161001743839249,0.0497670376638745
CON,right,19,0.1818181818181818,16,0.0349715619104198,0.0439327898922873,0.0109831974730718,0.0115614306476475,0.058381693173192
CON,right,20,0.1919191919191919,16,0.0333863793966596,0.0330595873010037,0.0082648968252509,0.0157701688143801,0.0510025899789392
CON,right,21,0.202020202020202,16,0.0469289306313076,0.0849366436790522,0.021234160919763,0.0016693879885355,0.0921884732740798
CON,right,22,0.2121212121212121,16,0.0660008340289879,0.1123786567527742,0.0280946641881935,0.0061184748124082,0.1258831932455675
CON,right,23,0.2222222222222222,16,0.0337772510872824,0.0371725127706527,0.0092931281926631,0.0139694172242017,0.0535850849503631
CON,right,24,0.2323232323232323,16,0.0514278145322136,0.0654620763627726,0.0163655190906931,0.0165455363035059,0.0863100927609214
CON,right,25,0.2424242424242424,16,0.03043610529274,0.0295181249005669,0.0073795312251417,0.0147070068164675,0.0461652037690126
CON,right,26,0.2525252525252525,16,0.0191455724258241,0.0087637977646627,0.0021909494411656,0.0144756742351071,0.0238154706165412
CON,right,27,0.2626262626262626,16,0.0482232687820672,0.0814975957399073,0.0203743989349768,0.0047962654310572,0.0916502721330772
CON,right,28,0.2727272727272727,16,0.0324944748739147,0.0602194122845955,0.0150548530711488,0.0004058151369452,0.0645831346108842
CON,right,29,0.2828282828282829,16,0.1155448213883931,0.3831998351135239,0.0957999587783809,-0.0886479572144322,0.3197375999912185
CON,right,30,0.2929292929292929,15,0.0354963195626948,0.0731423408635889,0.018885271204487,-0.0050085587144064,0.0760011978397961
CON,right,31,0.303030303030303,15,0.039266440663882,0.0720333534273506,0.0185989318797067,-0.0006243008412031,0.0791571821689671
CON,right,32,0.3131313131313131,16,0.0380185631053776,0.0615570593995494,0.0153892648498873,0.0052171215345861,0.070820004676169
CON,right,33,0.3232323232323232,16,0.0307563898535747,0.0398854231095007,0.0099713557773751,0.0095029481132735,0.0520098315938759
CON,right,34,0.3333333333333333,16,0.0390781799762414,0.0542544215607117,0.0135636053901779,0.0101680394311945,0.0679883205212883
CON,right,35,0.3434343434343435,16,0.0514893544612405,0.0815591199420397,0.0203897799855099,0.0080295671770616,0.0949491417454194
CON,right,36,0.3535353535353536,16,0.028764407477641,0.0307849483761984,0.0076962370940496,0.0123602664210087,0.0451685485342733
CON,right,37,0.3636363636363636,16,0.0332344175794785,0.0310348821134176,0.0077587205283544,0.0166970962351922,0.0497717389237648
CON,right,38,0.3737373737373737,16,0.0962592249324067,0.2834579837767678,0.0708644959441919,-0.0547848727441637,0.2473033226089772
CON,right,39,0.3838383838383838,16,0.0359684386695093,0.0575918075294603,0.014397951882365,0.0052799306728507,0.0666569466661679
CON,right,40,0.393939393939394,16,0.022161158055831,0.0152070510059146,0.0038017627514786,0.0140578925668657,0.0302644235447963
CON,right,41,0.4040404040404041,16,0.0300595385059396,0.0355597054663853,0.0088899263665963,0.011111108991798,0.0490079680200812
CON,right,42,0.4141414141414142,16,0.0226630459524221,0.0276335554430872,0.0069083888607718,0.0079381636545798,0.0373879282502643
CON,right,43,0.4242424242424242,16,0.0338107296441957,0.0323511539453098,0.0080877884863274,0.0165720165504294,0.051049442737962
CON,right,44,0.4343434343434343,16,0.0896168702660458,0.2126763944879228,0.0531690986219807,-0.0237103808295978,0.2029441213616894
CON,right,45,0.4444444444444445,16,0.0478520167982407,0.0889584704686757,0.0222396176171689,0.0004493939347028,0.0952546396617786
CON,right,46,0.4545454545454546,16,0.0319154293469483,0.0500672140882635,0.0125168035220658,0.00523649416798,0.0585943645259167
CON,right,47,0.4646464646464647,16,0.0275166402483133,0.0239452591860922,0.005986314796523,0.0147571122956864,0.0402761682009401
CON,right,48,0.4747474747474748,16,0.0245097777713872,0.0176863212673523,0.004421580316838,0.0150854024144066,0.0339341531283678
CON,right,49,0.4848484848484848,16,0.0233976455859009,0.0130609947921199,0.0032652486980299,0.0164379327323453,0.0303573584394566
CON,right,50,0.494949494949495,16,0.0195118989302094,0.011881938863252,0.002970484715813,0.0131804606325975,0.0258433372278212
CON,right,51,0.5050505050505051,16,0.0411469852925382,0.0468291298980807,0.0117072824745201,0.0161935033824822,0.0661004672025942
CON,right,52,0.5151515151515152,16,0.0314318736725407,0.0224456683138406,0.0056114170784601,0.0194714212907104,0.0433923260543709
CON,right,53,0.5252525252525253,16,0.0310390728400666,0.0327267670568459,0.0081816917642114,0.0136002096473279,0.0484779360328054
CON,right,54,0.5353535353535354,16,0.0359881262632628,0.0551357103483566,0.0137839275870891,0.0066083800717327,0.0653678724547928
CON,right,55,0.5454545454545455,16,0.057996364042622,0.0685005804928062,0.0171251451232015,0.0214949812521288,0.0944977468331151
CON,right,56,0.5555555555555556,16,0.0370252623950105,0.0370435492461787,0.0092608873115446,0.0172861483433383,0.0567643764466828
CON,right,57,0.5656565656565657,16,0.0318854327219725,0.0322430638564637,0.0080607659641159,0.0147043167708938,0.0490665486730511
CON,right,58,0.5757575757575758,15,0.0901284910450628,0.2599133127707889,0.0671093287879243,-0.0538067039743762,0.234063686064502
CON,right,59,0.5858585858585859,15,0.0535467673481875,0.0929664517316852,0.0240038346208541,0.002063662394399,0.1050298723019761
CON,right,60,0.595959595959596,15,0.0566804827237013,0.0915178370010474,0.0236298039057321,0.0059995938685789,0.1073613715788236
CON,right,61,0.6060606060606061,15,0.0587417114712746,0.0788585886809499,0.0203612000444493,0.0150712806659083,0.102412142276641
CON,right,62,0.6161616161616162,15,0.0845128194309579,0.1324997943293983,0.0342112997875778,0.0111368790701957,0.1578887597917201
CON,right,63,0.6262626262626263,16,0.0570926271706481,0.0748970147420127,0.0187242536855031,0.0171828251617363,0.0970024291795598
CON,right,64,0.6363636363636365,16,0.0708742774606398,0.1026323804095911,0.0256580951023977,0.0161853423147046,0.1255632126065751
CON,right,65,0.6464646464646465,16,0.0796976827374511,0.1331092969757957,0.0332773242439489,0.0087687451002408,0.1506266203746614
CON,right,66,0.6565656565656566,16,0.0426388889635499,0.0440835235625906,0.0110208808906476,0.0191484373975106,0.0661293405295893
CON,right,67,0.6666666666666667,16,0.0798525604521744,0.1195847388714014,0.0298961847178503,0.0161303511213412,0.1435747697830077
CON,right,68,0.6767676767676768,15,0.1093891987927997,0.1469342817257976,0.0379382684073975,0.0280197057499609,0.1907586918356386
CON,right,69,0.686868686868687,14,0.0663291963330326,0.1198326579692755,0.0320266249905353,-0.0028601204688078,0.1355185131348731
CON,right,70,0.696969696969697,15,0.087197534771761,0.1089991455707692,0.0281434583697618,0.0268358199083269,0.147559249635195
CON,right,71,0.7070707070707072,16,0.0947822678030544,0.1467036813977906,0.0366759203494476,0.0166093940412376,0.1729551415648711
CON,right,72,0.7171717171717172,16,0.1691715722933716,0.248279236731968,0.062069809182992,0.0368729057173013,0.3014702388694419
CON,right,73,0.7272727272727273,15,0.0814383145848675,0.117251486348189,0.0302742035963068,0.0165066057241953,0.1463700234455397
CON,right,74,0.7373737373737375,16,0.1246371714224854,0.154202277568196,0.038550569392049,0.042468577810732,0.2068057650342389
CON,right,75,0.7474747474747475,16,0.0454699948554816,0.0392368657876631,0.0098092164469157,0.0245621449174054,0.0663778447935577
CON,right,76,0.7575757575757577,15,0.1272360334487093,0.2039412514140668,0.0526574046887587,0.0142971328519591,0.2401749340454596
CON,right,77,0.7676767676767677,15,0.0699142524801758,0.0447085750440559,0.0115437044385528,0.0451554688711099,0.0946730360892417
CON,right,78,0.7777777777777778,15,0.0529944262099652,0.0622973732994613,0.0160851126200853,0.0184952907887474,0.0874935616311829
CON,right,79,0.787878787878788,14,0.1049201666203569,0.1420494676799342,0.037964317145138,0.0229032457959878,0.1869370874447261
CON,right,80,0.797979797979798,14,0.0807300108852395,0.1131616544685521,0.0302437243101298,0.0153924168309332,0.1460676049395459
CON,right,81,0.8080808080808082,15,0.2430609844600617,0.5294392662745568,0.1367006307406421,-0.0501327085824349,0.5362546775025584
CON,right,82,0.8181818181818182,15,0.146516788031874,0.2245170264382496,0.05797004695569,0.0221834030233399,0.2708501730404081
CON,right,83,0.8282828282828284,16,0.1638997961686105,0.197847039981726,0.0494617599954315,0.0584745503037613,0.2693250420334597
CON,right,84,0.8383838383838385,15,0.0822729594059001,0.0627002840727653,0.0161891437344196,0.047550699435529,0.1169952193762713
CON,right,85,0.8484848484848485,15,0.1730460374920124,0.2712314541765618,0.0700316603328962,0.0228430646772352,0.3232490103067897
CON,right,86,0.8585858585858587,15,0.1435547516029687,0.1387281069803327,0.0358194431990472,0.0667296866610241,0.2203798165449132
CON,right,87,0.8686868686868687,15,0.2847299254767926,0.2455652219707143,0.0634046676733536,0.1487404382991315,0.4207194126544538
CON,right,88,0.8787878787878789,15,0.170890829559979,0.3339448738833774,0.0862241956734438,-0.0140416774968431,0.3558233366168012
CON,right,89,0.888888888888889,14,0.2127073262169962,0.3085957557624378,0.0824756849339723,0.0345294415653419,0.3908852108686504
CON,right,90,0.8989898989898991,13,0.1667678119482729,0.2330760336098848,0.0646436607894006,0.0259213744636704,0.3076142494328753
CON,right,91,0.9090909090909092,12,0.2410150201118943,0.2667816004204063,0.0770132144087804,0.0715100780672131,0.4105199621565756
CON,right,92,0.9191919191919192,14,0.1690592612707665,0.2558788170911945,0.0683864904348747,0.0213192308097707,0.3167992917317624
CON,right,93,0.9292929292929294,13,0.1618064272562896,0.2873865779211323,0.0797066955826746,-0.0118595436896219,0.3354723982022013
CON,right,94,0.9393939393939394,13,0.7452588717455348,1.569765698661958,0.435374670537711,-0.2033410461341727,1.6938587896252424
CON,right,95,0.9494949494949496,13,0.3197055893695932,0.6209859189862315,0.1722305055573834,-0.0555524457989066,0.6949636245380931
CON,right,96,0.9595959595959596,14,0.2305847322172695,0.1935440926377561,0.05172683456318,0.1188357001289392,0.3423337643055998
CON,right,97,0.9696969696969696,14,0.2903484904355325,0.4743480349132479,0.1267748449096327,0.0164680890648306,0.5642288918062344
CON,right,98,0.97979797979798,12,0.2559484401884792,0.2342954002057686,0.0676352561893458,0.1070842450167328,0.4048126353602255
CON,right,99,0.98989898989899,12,0.189210240889603,0.1382635286177661,0.0399132427332874,0.101361785942502,0.277058695836704
MST,left,1,0.0,2,0.0144210069483416,0.0126923029106308,0.0089748134569808,-0.0996148103050327,0.128456824201716
MST,left,2,0.0101010101010101,9,0.0766280968386617,0.0744544912070163,0.0248181637356721,0.0193973086360277,0.1338588850412956
MST,left,3,0.0202020202020202,9,0.1115107573631228,0.1859339436477832,0.0619779812159277,-0.0314107236124126,0.2544322383386583
MST,left,4,0.0303030303030303,9,0.0407794332216256,0.0391017339548151,0.0130339113182717,0.0107231798238066,0.0708356866194445
MST,left,5,0.0404040404040404,9,0.0330691478147626,0.0445332545632165,0.0148444181877388,-0.001162141910863,0.0673004375403882
MST,left,6,0.0505050505050505,9,0.0966753021105201,0.1504121697659035,0.0501373899219678,-0.0189417263778813,0.2122923305989216
MST,left,7,0.0606060606060606,9,0.0249470441191122,0.0265456460705277,0.0088485486901759,0.0045422542490111,0.0453518339892133
MST,left,8,0.0707070707070707,9,0.0258398681418433,0.033083500490264,0.0110278334967546,0.000409638495984,0.0512700977877026
MST,left,9,0.0808080808080808,9,0.0328685345640289,0.0590603524005403,0.0196867841335134,-0.0125292710567248,0.0782663401847827
MST,left,10,0.0909090909090909,9,0.0428903040378869,0.0871438268668411,0.029047942288947,-0.0240943709995969,0.1098749790753708
MST,left,11,0.101010101010101,9,0.0208985220257033,0.0196335306894994,0.0065445102298331,0.0058068543728221,0.0359901896785845
MST,left,12,0.1111111111111111,9,0.0593089376534735,0.1227547365847405,0.0409182455282468,-0.035048705739963,0.1536665810469102
MST,left,13,0.1212121212121212,9,0.0209270589424592,0.0260376141349258,0.0086792047116419,0.0009127769871294,0.040941340897789
MST,left,14,0.1313131313131313,9,0.0353677638199613,0.0682829137872428,0.0227609712624142,-0.0171191300324291,0.0878546576723519
MST,left,15,0.1414141414141414,9,0.0349393634100925,0.0523508047924479,0.0174502682641493,-0.0053010273674577,0.0751797541876428
MST,left,16,0.1515151515151515,9,0.0439959239820207,0.0728814639271086,0.0242938213090362,-0.0120257284165277,0.1000175763805693
MST,left,17,0.1616161616161616,9,0.0202436465489027,0.0160840056643669,0.0053613352214556,0.0078803853580102,0.0326069077397952
MST,left,18,0.1717171717171717,8,0.073199784696763,0.08451617323677,0.0298809796078285,0.0025424956547421,0.1438570737387838
MST,left,19,0.1818181818181818,8,0.0634906685357346,0.1332162497017598,0.0470990567641773,-0.0478809033159843,0.1748622403874536
MST,left,20,0.1919191919191919,8,0.0168786472498079,0.0136652714424578,0.0048314030518584,0.0054541944241641,0.0283031000754517
MST,left,21,0.202020202020202,8,0.0110804556979248,0.0047885957682364,0.0016930242700405,0.0070770894504517,0.015083821945398
MST,left,22,0.2121212121212121,9,0.0441002947713633,0.0875775675353438,0.0291925225117812,-0.023217782857845,0.1114183724005717
MST,left,23,0.2222222222222222,9,0.0174109743692221,0.0120946946448837,0.0040315648816279,0.0081141690808443,0.0267077796576
MST,left,24,0.2323232323232323,9,0.03581780193753,0.0321589910761175,0.0107196636920391,0.0110982131356897,0.0605373907393703
MST,left,25,0.2424242424242424,9,0.019125671278738,0.0130288955206534,0.0043429651735511,0.0091107756294813,0.0291405669279947
MST,left,26,0.2525252525252525,9,0.0417498036541329,0.0399585613325058,0.0133195204441686,0.0110349344309437,0.0724646728773222
MST,left,27,0.2626262626262626,9,0.0347720045792515,0.0435954712202234,0.0145318237400744,0.0012615589425817,0.0682824502159213
MST,left,28,0.2727272727272727,9,0.0652538806179344,0.1559628382821295,0.0519876127607098,-0.0546297693876553,0.1851375306235241
MST,left,29,0.2828282828282829,9,0.0410677679157658,0.0750400255960635,0.0250133418653545,-0.0166131018610171,0.0987486376925488
MST,left,30,0.2929292929292929,9,0.0277600399690211,0.0260710101852384,0.0086903367284128,0.0077200875369845,0.0477999924010577
MST,left,31,0.303030303030303,9,0.0401042496321934,0.0697259680641867,0.0232419893547289,-0.0134918739301826,0.0937003731945695
MST,left,32,0.3131313131313131,9,0.0275309293402883,0.0338207681483601,0.0112735893827867,0.0015339856049884,0.0535278730755883
MST,left,33,0.3232323232323232,9,0.0305464453377265,0.0462215905789084,0.0154071968596361,-0.0049826143324989,0.0660755050079521
MST,left,34,0.3333333333333333,9,0.0298737898078705,0.030066210323766,0.010022070107922,0.0067628546956963,0.0529847249200448
MST,left,35,0.3434343434343435,8,0.0481165066705708,0.1006203015278733,0.0355746487676971,-0.0360041705474212,0.1322371838885629
MST,left,36,0.3535353535353536,9,0.0248750200330942,0.0298907777781479,0.0099635925927159,0.0018989343128015,0.0478511057533869
MST,left,37,0.3636363636363636,9,0.0222660250870208,0.0276936172285619,0.0092312057428539,0.000978826471079,0.0435532237029625
MST,left,38,0.3737373737373737,9,0.0383407657816661,0.053899182880145,0.0179663942933816,-0.0030898137535805,0.0797713453169128
MST,left,39,0.3838383838383838,9,0.0180704567768335,0.0119860380692825,0.0039953460230941,0.0088571723260068,0.0272837412276603
MST,left,40,0.393939393939394,9,0.0283703036287287,0.0234927632563999,0.0078309210854666,0.0103121672231851,0.0464284400342723
MST,left,41,0.4040404040404041,9,0.0694219748709503,0.1161636130638245,0.0387212043546081,-0.0198692824908616,0.1587132322327623
MST,left,42,0.4141414141414142,9,0.0296889357637979,0.036613718336763,0.012204572778921,0.0015451404672058,0.05783273106039
MST,left,43,0.4242424242424242,9,0.0577074906684811,0.0347695464586821,0.0115898488195607,0.030981251364183,0.0844337299727792
MST,left,44,0.4343434343434343,8,0.0234157478598044,0.0191026098165885,0.0067537924698352,0.0074455663954073,0.0393859293242015
MST,left,45,0.4444444444444445,7,0.0374321238038576,0.0548239582408486,0.0207215084847822,-0.0132715808811571,0.0881358284888725
MST,left,46,0.4545454545454546,7,0.0365374681028188,0.0332186122593854,0.0125554552767164,0.0058153757897005,0.067259560415937
MST,left,47,0.4646464646464647,9,0.052666390068533,0.0720756164570648,0.0240252054856882,-0.0027358331305938,0.10806861326766
MST,left,48,0.4747474747474748,9,0.0317418116528909,0.0223592740140349,0.0074530913380116,0.0145549522073817,0.0489286710984001
MST,left,49,0.4848484848484848,9,0.0392707427939642,0.0401145487633382,0.013371516254446,0.0084359710172618,0.0701055145706665
MST,left,50,0.494949494949495,9,0.0630160622953864,0.0796618699821031,0.026553956660701,0.0017825284297776,0.1242495961609953
MST,left,51,0.5050505050505051,9,0.0428470928283284,0.0363852991113638,0.0121284330371212,0.0148788760911799,0.0708153095654769
MST,left,52,0.5151515151515152,9,0.0321992018868464,0.0238258603275486,0.0079419534425162,0.013885024406805,0.0505133793668877
MST,left,53,0.5252525252525253,9,0.0303740863190492,0.0230219494179477,0.0076739831393159,0.0126778494662996,0.0480703231717987
MST,left,54,0.5353535353535354,9,0.0460489040462618,0.0599407376728767,0.0199802458909589,-2.562560068541941e-05,0.0921234336932091
MST,left,55,0.5454545454545455,9,0.0572520623658421,0.0549796205063873,0.0183265401687957,0.0149909849526138,0.0995131397790704
MST,left,56,0.5555555555555556,9,0.0707123237967304,0.1121345396163761,0.0373781798721253,-0.0154819135547958,0.1569065611482567
MST,left,57,0.5656565656565657,9,0.0536016981488815,0.0523209017667512,0.017440300588917,0.0133842928716351,0.0938191034261279
MST,left,58,0.5757575757575758,9,0.0497376729760318,0.0822736954213605,0.0274245651404535,-0.0135034876440299,0.1129788335960936
MST,left,59,0.5858585858585859,9,0.0534195503326955,0.0608450880515879,0.0202816960171959,0.0066498754480878,0.1001892252173033
MST,left,60,0.595959595959596,9,0.042141002501424,0.061807314170004,0.020602438056668,-0.00536830485254,0.0896503098553881
MST,left,61,0.6060606060606061,9,0.0201228536701718,0.0220614534445417,0.0073538178148472,0.003164919379596,0.0370807879607477
MST,left,62,0.6161616161616162,9,0.042037968538092,0.0217695954504686,0.0072565318168228,0.0253043761612578,0.0587715609149262
MST,left,63,0.6262626262626263,9,0.0678298930438321,0.0765934148279389,0.0255311382759796,0.0089549826029536,0.1267048034847105
MST,left,64,0.6363636363636365,9,0.0862435083217064,0.1188870391970449,0.0396290130656816,-0.0051411596818153,0.1776281763252282
MST,left,65,0.6464646464646465,9,0.044607332957218,0.0388036110194073,0.0129345370064691,0.0147802371333489,0.0744344287810871
MST,left,66,0.6565656565656566,9,0.0936083276384868,0.1047159645964025,0.0349053215321341,0.0131165118447544,0.1741001434322192
MST,left,67,0.6666666666666667,9,0.1071405431824644,0.1389055509363972,0.0463018503121324,0.0003682848950828,0.2139128014698461
MST,left,68,0.6767676767676768,9,0.0703700244299397,0.1350401119920718,0.0450133706640239,-0.0334309944607773,0.1741710433206568
MST,left,69,0.686868686868687,9,0.0536789793126111,0.0599635764482856,0.0199878588160952,0.0075868942288185,0.0997710643964037
MST,left,70,0.696969696969697,9,0.043748365094563,0.0329402614016606,0.0109800871338868,0.0184282387589178,0.0690684914302083
MST,left,71,0.7070707070707072,9,0.0454796227972683,0.0325271719699385,0.0108423906566461,0.0204770251075432,0.0704822204869934
MST,left,72,0.7171717171717172,9,0.0523317614542365,0.0694505944399456,0.0231501981466485,-0.0010526912027308,0.1057162141112039
MST,left,73,0.7272727272727273,9,0.0587087956496319,0.0727364901126274,0.0242454967042091,0.0027985799896466,0.1146190113096172
MST,left,74,0.7373737373737375,9,0.0674386123644201,0.1025694302238255,0.0341898100746085,-0.0114032310494722,0.1462804557783124
MST,left,75,0.7474747474747475,9,0.0339927060083287,0.0244954142787772,0.0081651380929257,0.0151638638015289,0.0528215482151286
MST,left,76,0.7575757575757577,9,0.0506000542069719,0.0421612048958103,0.0140537349652701,0.0181920832619957,0.0830080251519482
MST,left,77,0.7676767676767677,9,0.0447075435956576,0.0391803672482256,0.0130601224160752,0.0145908472979155,0.0748242398933997
MST,left,78,0.7777777777777778,9,0.0938938970610435,0.1990330131608186,0.0663443377202728,-0.0590964200692873,0.2468842141913745
MST,left,79,0.787878787878788,8,0.0389614210349474,0.0287378777784069,0.0101603741270108,0.0149359539689617,0.0629868881009332
MST,left,80,0.797979797979798,8,0.0511016149685038,0.0726780235471897,0.0256955616467267,-0.0096587332596435,0.1118619631966512
MST,left,81,0.8080808080808082,8,0.0363049815995725,0.0366369910035316,0.0129531323904338,0.0056756906150606,0.0669342725840845
MST,left,82,0.8181818181818182,8,0.1554249787440206,0.2094690352330429,0.0740584876309442,-0.0196955171443944,0.3305454746324355
MST,left,83,0.8282828282828284,9,0.0839399206657444,0.1287005405433084,0.0429001801811028,-0.0149880722328824,0.1828679135643713
MST,left,84,0.8383838383838385,9,0.062510656538517,0.0514212083093131,0.017140402769771,0.02298481687236,0.1020364962046739
MST,left,85,0.8484848484848485,9,0.054159073917608,0.0524397810364584,0.0174799270121528,0.0138502899445166,0.0944678578906993
MST,left,86,0.8585858585858587,8,0.0614493174569926,0.0666685261612413,0.0235708834701632,0.0057130347719771,0.117185600142008
MST,left,87,0.8686868686868687,7,0.0679197388000533,0.0733928522798151,0.0277398907345843,4.267141213204484e-05,0.1357968061879747
MST,left,88,0.8787878787878789,7,0.0781294761304246,0.0692521326463529,0.0261748458204438,0.0140819356904879,0.1421770165703614
MST,left,89,0.888888888888889,8,0.0379830035598033,0.0182563883466241,0.0064546079999365,0.0227202809486287,0.053245726170978
MST,left,90,0.8989898989898991,8,0.096395251961895,0.0881826986798189,0.0311772921099149,0.0226726709397977,0.1701178329839923
MST,left,91,0.9090909090909092,9,0.0933669724880146,0.0756865031195554,0.0252288343731851,0.0351891760970687,0.1515447688789606
MST,left,92,0.9191919191919192,9,0.1286303561482817,0.1349085181784857,0.0449695060594952,0.0249304892169969,0.2323302230795665
MST,left,93,0.9292929292929294,9,0.1557963307189541,0.1634625127383334,0.0544875042461111,0.0301479206104672,0.281444740827441
MST,left,94,0.9393939393939394,9,0.0712426957500812,0.0592749815551831,0.019758327185061,0.0256799115566135,0.1168054799435489
MST,left,95,0.9494949494949496,8,0.0989860210507678,0.0816612937470292,0.0288716272844954,0.0307154709909018,0.1672565711106337
MST,left,96,0.9595959595959596,9,0.3376856880440341,0.7374315151171735,0.2458105050390578,-0.2291543530526577,0.904525729140726
MST,left,97,0.9696969696969696,8,0.1448997517281749,0.2223407020212581,0.0786093090665045,-0.0409817268914343,0.3307812303477841
MST,left,98,0.97979797979798,9,0.2587553734382501,0.4713890400105995,0.1571296800035332,-0.1035863184132047,0.621097065289705
MST,left,99,0.98989898989899,9,0.0638931251176418,0.0531475858364121,0.0177158619454707,0.0230402742126802,0.1047459760226033
MST,right,1,0.0,2,0.1813343005443687,0.2426541542220222,0.1715823979334781,-1.9988267767222028,2.36149537781094
MST,right,2,0.0101010101010101,16,0.1120379585627973,0.1478875934465802,0.036971898361645,0.0332342226013868,0.1908416945242079
MST,right,3,0.0202020202020202,16,0.0841442879515986,0.1000960891244133,0.0250240222811033,0.0308068470324632,0.1374817288707341
MST,right,4,0.0303030303030303,16,0.0723556451604838,0.0939722866908368,0.0234930716727092,0.0222813482198845,0.1224299421010831
MST,right,5,0.0404040404040404,16,0.0517262220044103,0.0537252302698063,0.0134313075674515,0.0230980675934921,0.0803543764153286
MST,right,6,0.0505050505050505,16,0.1031881230773782,0.1730809322724829,0.0432702330681207,0.0109598044680667,0.1954164416866897
MST,right,7,0.0606060606060606,16,0.0589831378481659,0.1143826023159279,0.0285956505789819,-0.0019670485833913,0.1199333242797232
MST,right,8,0.0707070707070707,16,0.0470360124283591,0.0532384706262569,0.0133096176565642,0.0186672339227009,0.0754047909340173
MST,right,9,0.0808080808080808,16,0.1045709808146947,0.1577493182501435,0.0394373295625358,0.0205123026405364,0.1886296589888529
MST,right,10,0.0909090909090909,16,0.0677341242086332,0.0810233595007299,0.0202558398751824,0.0245598235117439,0.1109084249055225
MST,right,11,0.101010101010101,16,0.0312051187116116,0.0349283831222082,0.008732095780552,0.0125930971283695,0.0498171402948537
MST,right,12,0.1111111111111111,16,0.0549987182713616,0.1076760904497552,0.0269190226124388,-0.0023778202428343,0.1123752567855577
MST,right,13,0.1212121212121212,16,0.0322514422427389,0.0445681252465193,0.0111420313116298,0.0085027646669526,0.0560001198185251
MST,right,14,0.1313131313131313,16,0.0347017964548964,0.0286669990427084,0.0071667497606771,0.0194262309343605,0.0499773619754323
MST,right,15,0.1414141414141414,16,0.0327737141642221,0.037847820617686,0.0094619551544215,0.0126060341502234,0.0529413941782208
MST,right,16,0.1515151515151515,16,0.0532261350464895,0.1355919108715326,0.0338979777178831,-0.0190256941556879,0.1254779642486669
MST,right,17,0.1616161616161616,16,0.0386533260393347,0.0624458277886201,0.015611456947155,0.0053782932237951,0.0719283588548743
MST,right,18,0.1717171717171717,16,0.103699364962575,0.1460050075873664,0.0365012518968416,0.0258987881946891,0.181499941730461
MST,right,19,0.1818181818181818,16,0.0473166116301799,0.100147584607794,0.0250368961519485,-0.006048269295118,0.1006814925554778
MST,right,20,0.1919191919191919,16,0.0463767954135492,0.0572083474099892,0.0143020868524973,0.0158926188912374,0.0768609719358611
MST,right,21,0.202020202020202,16,0.0562886321536818,0.0577972925466519,0.0144493231366629,0.0254906289203951,0.0870866353869685
MST,right,22,0.2121212121212121,16,0.0706659256705579,0.0824712262253698,0.0206178065563424,0.0267201112556025,0.1146117400855134
MST,right,23,0.2222222222222222,16,0.1258120864674422,0.2201675845082696,0.0550418961270674,0.008493061980656,0.2431311109542284
MST,right,24,0.2323232323232323,15,0.0631204408862392,0.0542729075814352,0.0140132044808768,0.0330651064605844,0.093175775311894
MST,right,25,0.2424242424242424,15,0.0384652840147025,0.042913040973809,0.0110800995351119,0.0147008340309902,0.0622297339984149
MST,right,26,0.2525252525252525,15,0.0543795469326063,0.0536834727580155,0.0138610130638915,0.0246506306321169,0.0841084632330958
MST,right,27,0.2626262626262626,15,0.0644840817416898,0.0586073756588553,0.0151323593261112,0.0320283989022576,0.096939764581122
MST,right,28,0.2727272727272727,15,0.0506257278221723,0.0562768286744547,0.0145306146822354,0.0194606588844507,0.0817907967598938
MST,right,29,0.2828282828282829,15,0.0618119840604269,0.0740820275672782,0.0191278972680898,0.0207867246319685,0.1028372434888853
MST,right,30,0.2929292929292929,15,0.0555116493634596,0.0962324419909659,0.0248471096797254,0.0022198992891508,0.1088033994377685
MST,right,31,0.303030303030303,16,0.0663480749614547,0.0622515335993802,0.015562883399845,0.0331765742112551,0.0995195757116542
MST,right,32,0.3131313131313131,15,0.0894543191625112,0.0768862746636246,0.0198519507549431,0.0468761194541093,0.1320325188709131
MST,right,33,0.3232323232323232,16,0.1427226199246466,0.3937037665632836,0.0984259416408209,-0.067067308656974,0.3525125485062673
MST,right,34,0.3333333333333333,16,0.202733356733647,0.3327220141037724,0.0831805035259431,0.0254383102938422,0.3800284031734517
MST,right,35,0.3434343434343435,16,0.0929334299931883,0.0650341111486903,0.0162585277871725,0.0582791983297482,0.1275876616566283
MST,right,36,0.3535353535353536,16,0.1096252787943158,0.1478806581980345,0.0369701645495086,0.0308252383659955,0.1884253192226361
MST,right,37,0.3636363636363636,16,0.1086682722101536,0.1369925808276024,0.0342481452069006,0.0356700786726401,0.1816664657476671
MST,right,38,0.3737373737373737,16,0.204025639285595,0.3436980524384825,0.0859245131096206,0.0208818748656491,0.3871694037055408
MST,right,39,0.3838383838383838,15,0.095171300563998,0.1243393172583823,0.0321042736680343,0.0263144817755278,0.1640281193524682
MST,right,40,0.393939393939394,16,0.2043891735464457,0.3638978466102158,0.0909744616525539,0.0104816985995643,0.3982966484933271
MST,right,41,0.4040404040404041,16,0.0858520229101324,0.0579621304951294,0.0144905326237823,0.0549661837342524,0.1167378620860124
MST,right,42,0.4141414141414142,16,0.1965881792397799,0.2712205199775803,0.067805129994395,0.052064965726605,0.3411113927529549
MST,right,43,0.4242424242424242,16,0.0806577209362448,0.0763737690941576,0.0190934422735394,0.0399610120791375,0.1213544297933522
MST,right,44,0.4343434343434343,16,0.0821978467470511,0.0815105223405754,0.0203776305851438,0.0387639552967613,0.125631738197341
MST,right,45,0.4444444444444445,16,0.1159307801570406,0.1118344646444623,0.0279586161611155,0.0563384004459506,0.1755231598681306
MST,right,46,0.4545454545454546,16,0.0722815874180795,0.0515523283248086,0.0128880820812021,0.0448112907229641,0.099751884113195
MST,right,47,0.4646464646464647,15,0.0547572815263163,0.0285519426881996,0.0073720799022177,0.0389457426897733,0.0705688203628593
MST,right,48,0.4747474747474748,15,0.0793569039505733,0.0652477014643822,0.0168468840766577,0.0432239312500635,0.1154898766510832
MST,right,49,0.4848484848484848,15,0.1183934809008448,0.1543977855181045,0.0398653368001949,0.032890837222427,0.2038961245792626
MST,right,50,0.494949494949495,15,0.1687499527751194,0.311316395377652,0.080381547646598,-0.0036513205715346,0.3411512261217734
MST,right,51,0.5050505050505051,15,0.0713972038884359,0.0500756794334042,0.0129294848330397,0.0436662169368972,0.0991281908399746
MST,right,52,0.5151515151515152,16,0.1193263611305402,0.1195263157433922,0.029881578935848,0.0556352832871183,0.1830174389739621
MST,right,53,0.5252525252525253,15,0.1158105187606931,0.0979156117526319,0.0252817022434436,0.0615866603410535,0.1700343771803328
MST,right,54,0.5353535353535354,15,0.1529823368844867,0.1155722626590755,0.0298406299041405,0.0889805511070041,0.2169841226619694
MST,right,55,0.5454545454545455,16,0.1360401425243724,0.1478532265786065,0.0369633066446516,0.057254719374243,0.2148255656745017
MST,right,56,0.5555555555555556,16,0.2047484467046873,0.3424840721759271,0.0856210180439817,0.022251566704477,0.3872453267048976
MST,right,57,0.5656565656565657,15,0.0993288131488119,0.062429168129592,0.0161191418988995,0.0647566921833941,0.1339009341142298
MST,right,58,0.5757575757575758,16,0.1638618444543148,0.2240439338364176,0.0560109834591044,0.0444772592140505,0.2832464296945789
MST,right,59,0.5858585858585859,16,0.107360832887951,0.1370969649013887,0.0342742412253471,0.0343070170037787,0.1804146487721234
MST,right,60,0.595959595959596,15,0.1285646346846949,0.2178939396322497,0.0562599732956818,0.0078989928975054,0.2492302764718845
MST,right,61,0.6060606060606061,15,0.1236109903797587,0.1067348967753363,0.0275588318446696,0.0645031747047459,0.1827188060547715
MST,right,62,0.6161616161616162,16,0.1433472514449595,0.1708369967398415,0.0427092491849603,0.0523146416784765,0.2343798612114426
MST,right,63,0.6262626262626263,16,0.1143855708688136,0.1122959928186375,0.0280739982046593,0.0545472601534463,0.1742238815841808
MST,right,64,0.6363636363636365,15,0.1298932068991302,0.159004089308705,0.041054679324766,0.0418396772066376,0.2179467365916227
MST,right,65,0.6464646464646465,15,0.1144995675970864,0.1142584632363705,0.0295014083518476,0.0512253396892164,0.1777737955049564
MST,right,66,0.6565656565656566,16,0.2690902325483563,0.4192949651344664,0.1048237412836166,0.0456637168255162,0.4925167482711964
MST,right,67,0.6666666666666667,15,0.0879466541128572,0.0562682171513966,0.0145283911965427,0.05678635407765,0.1191069541480644
MST,right,68,0.6767676767676768,16,0.0816744484327534,0.0534993290580698,0.0133748322645174,0.0531666682806094,0.1101822285848974
MST,right,69,0.686868686868687,16,0.0846328766405077,0.1432658713221487,0.0358164678305371,0.0082918825595528,0.1609738707214625
MST,right,70,0.696969696969697,16,0.1273691560484119,0.221600098460512,0.055400024615128,0.0092867987584969,0.245451513338327
MST,right,71,0.7070707070707072,16,0.0587558653673131,0.0400937417316891,0.0100234354329222,0.0373914184688631,0.080120312265763
MST,right,72,0.7171717171717172,16,0.1379590610304994,0.2006746940592162,0.050168673514804,0.0310270646660335,0.2448910573949653
MST,right,73,0.7272727272727273,16,0.1177362226308229,0.1221177449233233,0.0305294362308308,0.0526642696504224,0.1828081756112234
MST,right,74,0.7373737373737375,16,0.0926978077723443,0.1042595239602399,0.0260648809900599,0.0371418290310113,0.1482537865136773
MST,right,75,0.7474747474747475,16,0.1235006841123911,0.1584859918308036,0.0396214979577009,0.0390494602960519,0.2079519079287303
MST,right,76,0.7575757575757577,16,0.093122567005058,0.0862355134695124,0.0215588783673781,0.0471709055061314,0.1390742285039845
MST,right,77,0.7676767676767677,16,0.1256288795254807,0.1685267627281531,0.0421316906820382,0.0358273065675852,0.2154304524833762
MST,right,78,0.7777777777777778,16,0.1081405608717702,0.080946080241197,0.0202365200602992,0.065007439385534,0.1512736823580063
MST,right,79,0.787878787878788,16,0.1136998966410274,0.0665846343820151,0.0166461585955037,0.0782194494673249,0.14918034381473
MST,right,80,0.797979797979798,15,0.1181910183885841,0.0786183069634279,0.0202991595717586,0.074653651163157,0.1617283856140113
MST,right,81,0.8080808080808082,16,0.1576409965936783,0.1682325350515187,0.0420581337628796,0.0679962064976961,0.2472857866896604
MST,right,82,0.8181818181818182,16,0.1962749276414264,0.2911015058981845,0.0727753764745461,0.0411578845268135,0.3513919707560393
MST,right,83,0.8282828282828284,16,0.1728868248615744,0.2329399865750002,0.05823499664375,0.0487618677295783,0.2970117819935706
MST,right,84,0.8383838383838385,16,0.2155064515938209,0.4176646980415563,0.104416174510389,-0.0070513561154381,0.4380642593030799
MST,right,85,0.8484848484848485,16,0.293942146162769,0.3938769474989541,0.0984692368747385,0.0840599359744897,0.5038243563510484
MST,right,86,0.8585858585858587,15,0.2030460387780951,0.2653962608666407,0.0685250198988145,0.056074488309815,0.3500175892463752
MST,right,87,0.8686868686868687,14,0.2104749307219451,0.2361250422397884,0.0631070720356295,0.0741403902950315,0.3468094711488586
MST,right,88,0.8787878787878789,16,0.152033478063036,0.2139240258877437,0.0534810064719359,0.0380414111223487,0.2660255450037233
MST,right,89,0.888888888888889,16,0.1424168624920141,0.1149368472271782,0.0287342118067945,0.0811713397944035,0.2036623851896248
MST,right,90,0.8989898989898991,15,0.1382337619243862,0.1339175985934111,0.0345773752744247,0.0640726677326617,0.2123948561161106
MST,right,91,0.9090909090909092,15,0.11948872257215,0.1737313342787648,0.04485723762507,0.0232795164571342,0.2156979286871658
MST,right,92,0.9191919191919192,16,0.2126728672766527,0.2963513750908528,0.0740878437727132,0.0547583663357995,0.3705873682175059
MST,right,93,0.9292929292929294,15,0.3666979356881152,0.7399154814442731,0.1910453558156475,-0.0430536002538057,0.7764494716300362
MST,right,94,0.9393939393939394,14,0.2397819252343446,0.3063295568995366,0.0818700178114528,0.0629125048504315,0.4166513456182578
MST,right,95,0.9494949494949496,14,0.1089201902472393,0.1072616237867126,0.02866687478278,0.0469891724877776,0.1708512080067009
MST,right,96,0.9595959595959596,14,0.2621436631651727,0.2493582431276354,0.0666437937393921,0.1181685000228188,0.4061188263075266
MST,right,97,0.9696969696969696,15,0.1544110579905991,0.1318563951860642,0.0340451748431046,0.0813914201992741,0.2274306957819242
MST,right,98,0.97979797979798,15,0.3413069794332472,0.4311989194643164,0.111335082265862,0.1025169770911927,0.5800969817753017
MST,right,99,0.98989898989899,14,0.3058825606378825,0.299494763184523,0.080043342354963,0.1329594326556996,0.4788056886200653
