outcome,contrast,integrated_estimate_SD_units,integrated_se,integrated_p,GoPro_only_estimate_same_integrated_SD_units,GoPro_only_se,GoPro_only_p,same_direction,absolute_estimate_change,relative_estimate_change,GoPro_only_optimizer,GoPro_only_warnings,integrated_q_bh,GoPro_only_q_bh,integrated_FDR_significant,GoPro_only_FDR_significant,outcome_label,contrast_label
path_length_norm,ATG_vs_MST,-0.8920133758219944,0.1002599617804009,5.7373945026856105e-19,-0.8954904843599627,0.1012082256117065,8.91008304777235e-19,True,0.0034771085379683,0.0038980452896955,cg,,4.303045877014208e-18,6.682562285829263e-18,True,True,Normalised path length,ATG vs MST
path_length_norm,CON_vs_MST,-1.08501977090444,0.0972021874796118,6.221442514433671e-29,-1.065447282464448,0.0971641166285474,5.602741863701906e-28,True,0.0195724884399919,0.0180388311483733,cg,,9.332163771650507e-28,8.40411279555286e-27,True,True,Normalised path length,CON vs MST
path_length_norm,ATG_vs_CON,0.1930063950824456,0.0987524865631198,0.0506485038340501,0.1699567981044853,0.0995746835979901,0.0878541384109515,True,0.0230495969779602,0.1194240064849368,cg,,0.094965944688844,0.1519785173114742,False,False,Normalised path length,ATG vs CON
path_efficiency,ATG_vs_MST,0.2546718815189757,0.142282067029293,0.0734686217714266,0.2408014181955344,0.1425561709252852,0.0911871103868845,True,0.0138704633234412,0.0544640548485827,bfgs,,0.1224477029523776,0.1519785173114742,False,False,Path efficiency,ATG vs MST
path_efficiency,CON_vs_MST,0.4045080247114944,0.1371799562197363,0.0031907228156701,0.3784961130355235,0.1369912404636506,0.0057286453326122,True,0.0260119116759708,0.0643050572223461,bfgs,,0.0079768070391752,0.0143216133315305,True,True,Path efficiency,CON vs MST
path_efficiency,ATG_vs_CON,-0.1498361431925186,0.1400499527429394,0.2846749345685692,-0.137694694839989,0.1405258309457547,0.3271585530385329,True,0.0121414483525295,0.0810315061095071,bfgs,,0.3558436682107115,0.4089481912981661,False,False,Path efficiency,ATG vs CON
mean_speed_norm_s,ATG_vs_MST,-0.6189750040178564,0.1136974181782267,5.208111185878584e-08,-0.6163348073348354,0.1157081979873166,1.0005144780440701e-07,True,0.002640196683021,0.0042654334438114,cg,,1.9530416947044685e-07,3.751929292665263e-07,True,True,Mean normalised speed,ATG vs MST
mean_speed_norm_s,CON_vs_MST,-0.6415767277131436,0.1103575588830007,6.113671803492022e-09,-0.6258563647574668,0.1112020705941439,1.8220553643022247e-08,True,0.0157203629556768,0.0245027013553171,cg,,3.056835901746011e-08,9.110276821511125e-08,True,True,Mean normalised speed,CON vs MST
mean_speed_norm_s,ATG_vs_CON,0.0226017236952871,0.1119867055623882,0.8400534887452554,0.0095215574226313,0.1138373986774029,0.9333412842183912,True,0.0130801662726557,0.5787242800151208,cg,,0.8400534887452554,0.9333412842183912,False,False,Mean normalised speed,ATG vs CON
log_dimensionless_jerk,ATG_vs_MST,-0.2093658431058998,0.1294394057776386,0.1057743877288553,-0.2078297611814315,0.1318120339660448,0.1148615538852442,True,0.0015360819244683,0.0073368315560975,lbfgs,Random effects covariance is singular,0.158661581593283,0.1722923308278663,False,False,Log dimensionless jerk,ATG vs MST
log_dimensionless_jerk,CON_vs_MST,-0.1178804170174685,0.1256936079151923,0.3483269530820815,-0.0976575597225238,0.1267785446022435,0.4411217373914067,True,0.0202228572949447,0.1715540019844679,lbfgs,Random effects covariance is singular,0.4019157150947094,0.4726304329193643,False,False,Log dimensionless jerk,CON vs MST
log_dimensionless_jerk,ATG_vs_CON,-0.0914854260884313,0.1276682123118467,0.4736287514872143,-0.1101722014589077,0.1300684949473973,0.3969771822679078,True,0.0186867753704763,0.2042595872310134,lbfgs,Random effects covariance is singular,0.5074593765934439,0.4580505949245089,False,False,Log dimensionless jerk,ATG vs CON
stillness_fraction_observed_tracking,ATG_vs_MST,0.357847478358304,0.137047350525746,0.0090245449528387,0.3432374806407823,0.1400488430726083,0.014252279773482,True,0.0146099977175216,0.0408274435369726,cg,,0.0193383106132259,0.0305405995146044,True,True,Stillness fraction,ATG vs MST
stillness_fraction_observed_tracking,CON_vs_MST,0.5435728549211751,0.133618547254501,4.739919318775314e-05,0.5324155491292997,0.135173986078003,8.190971639884397e-05,True,0.0111573057918754,0.0205258700666599,cg,,0.0001421975795632,0.0002457291491965,True,True,Stillness fraction,CON vs MST
stillness_fraction_observed_tracking,ATG_vs_CON,-0.185725376562871,0.1359346657060259,0.1718497999725426,-0.1891780684885173,0.1389067728277176,0.1732273226167855,True,0.0034526919256462,0.0185903078488439,cg,,0.2343406363261945,0.2362190762956166,False,False,Stillness fraction,ATG vs CON
