dataset,outcome,tier,contrast,estimate_integrated_SD_units,se,ci95_low,ci95_high,p,q_bh,outcome_label,contrast_label,wald_chi2,df,device_omnibus_p,device_omnibus_q_bh,pairwise_FDR_significant
INTEGRATED_GOPRO_CAE,path_length_norm,MAIN,ATG_vs_MST,-0.8920133758219944,0.1002599617804009,-1.0885229009115802,-0.6955038507324085,5.7373945026856105e-19,4.303045877014208e-18,Normalised path length,ATG vs MST,139.2491415436315,2,5.786728528984471e-31,2.893364264492236e-30,True
INTEGRATED_GOPRO_CAE,path_length_norm,MAIN,CON_vs_MST,-1.08501977090444,0.0972021874796118,-1.2755360583644793,-0.8945034834444008,6.221442514433671e-29,9.332163771650507e-28,Normalised path length,CON vs MST,139.2491415436315,2,5.786728528984471e-31,2.893364264492236e-30,True
INTEGRATED_GOPRO_CAE,path_length_norm,MAIN,ATG_vs_CON,0.1930063950824456,0.0987524865631198,-0.0005484785812691,0.3865612687461605,0.0506485038340501,0.094965944688844,Normalised path length,ATG vs CON,139.2491415436315,2,5.786728528984471e-31,2.893364264492236e-30,False
INTEGRATED_GOPRO_CAE,path_efficiency,MAIN,ATG_vs_MST,0.2546718815189757,0.142282067029293,-0.0242009698584385,0.53354473289639,0.0734686217714266,0.1224477029523776,Path efficiency,ATG vs MST,8.831962740499568,2,0.0120826907116277,0.0151033633895346,False
INTEGRATED_GOPRO_CAE,path_efficiency,MAIN,CON_vs_MST,0.4045080247114944,0.1371799562197363,0.1356353105208112,0.6733807389021775,0.0031907228156701,0.0079768070391752,Path efficiency,CON vs MST,8.831962740499568,2,0.0120826907116277,0.0151033633895346,True
INTEGRATED_GOPRO_CAE,path_efficiency,MAIN,ATG_vs_CON,-0.1498361431925186,0.1400499527429394,-0.4243340505686799,0.1246617641836426,0.2846749345685692,0.3558436682107115,Path efficiency,ATG vs CON,8.831962740499568,2,0.0120826907116277,0.0151033633895346,False
INTEGRATED_GOPRO_CAE,mean_speed_norm_s,MAIN,ATG_vs_MST,-0.6189750040178564,0.1136974181782267,-0.8418219436471808,-0.396128064388532,5.208111185878584e-08,1.9530416947044685e-07,Mean normalised speed,ATG vs MST,42.36220482377722,2,6.32650858762646e-10,1.581627146906615e-09,True
INTEGRATED_GOPRO_CAE,mean_speed_norm_s,MAIN,CON_vs_MST,-0.6415767277131436,0.1103575588830007,-0.857877543123825,-0.4252759123024621,6.113671803492022e-09,3.056835901746011e-08,Mean normalised speed,CON vs MST,42.36220482377722,2,6.32650858762646e-10,1.581627146906615e-09,True
INTEGRATED_GOPRO_CAE,mean_speed_norm_s,MAIN,ATG_vs_CON,0.0226017236952871,0.1119867055623882,-0.1968922192069938,0.242095666597568,0.8400534887452554,0.8400534887452554,Mean normalised speed,ATG vs CON,42.36220482377722,2,6.32650858762646e-10,1.581627146906615e-09,False
INTEGRATED_GOPRO_CAE,log_dimensionless_jerk,MAIN,ATG_vs_MST,-0.2093658431058998,0.1294394057776386,-0.4630670784300715,0.0443353922182718,0.1057743877288553,0.158661581593283,Log dimensionless jerk,ATG vs MST,2.6387190452301788,2,0.2673064508881272,0.2673064508881272,False
INTEGRATED_GOPRO_CAE,log_dimensionless_jerk,MAIN,CON_vs_MST,-0.1178804170174685,0.1256936079151923,-0.3642398885312454,0.1284790544963084,0.3483269530820815,0.4019157150947094,Log dimensionless jerk,CON vs MST,2.6387190452301788,2,0.2673064508881272,0.2673064508881272,False
INTEGRATED_GOPRO_CAE,log_dimensionless_jerk,MAIN,ATG_vs_CON,-0.0914854260884313,0.1276682123118467,-0.341715122219651,0.1587442700427883,0.4736287514872143,0.5074593765934439,Log dimensionless jerk,ATG vs CON,2.6387190452301788,2,0.2673064508881272,0.2673064508881272,False
INTEGRATED_GOPRO_CAE,stillness_fraction_observed_tracking,MAIN,ATG_vs_MST,0.357847478358304,0.137047350525746,0.0892346713278418,0.6264602853887662,0.0090245449528387,0.0193383106132259,Stillness fraction,ATG vs MST,17.017578375817262,2,0.0002016878832557,0.0003361464720928,True
INTEGRATED_GOPRO_CAE,stillness_fraction_observed_tracking,MAIN,CON_vs_MST,0.5435728549211751,0.133618547254501,0.2816805023023531,0.8054652075399971,4.739919318775314e-05,0.0001421975795632,Stillness fraction,CON vs MST,17.017578375817262,2,0.0002016878832557,0.0003361464720928,True
INTEGRATED_GOPRO_CAE,stillness_fraction_observed_tracking,MAIN,ATG_vs_CON,-0.185725376562871,0.1359346657060259,-0.4521573213466819,0.0807065682209398,0.1718497999725426,0.2343406363261945,Stillness fraction,ATG vs CON,17.017578375817262,2,0.0002016878832557,0.0003361464720928,False
