attempt_id,candidate_status,candidate_grip,candidate_needle_sec,candidate_source_category,candidate_review_status_raw,candidate_row_index,candidate_score
P10_T01,RESOLVED,IPG,68.867,,,0,104200
P10_T02,RESOLVED,EPG,191.663,,,1,104200
P10_T03,RESOLVED,IPG,415.535,,,2,104200
P10_T04,RESOLVED,IPG,,,,18,100000
P10_T04,RESOLVED,IPG,,,,0,1000
P10_T05,RESOLVED,IPG,727.051,,,3,104200
P10_T06,RESOLVED,IPG,875.475,,,4,104200
P10_T07,RESOLVED,EPG,1047.957,,,5,104200
P10_T08,RESOLVED,OTHER,1149.134,,,6,104200
P10_T09,RESOLVED,IPG,1335.587,,,7,104200
P10_T10,RESOLVED,EPG,1572.057,,,8,104200
P10_T11,RESOLVED,IPG,1896.532,,,9,104200
P10_T12,RESOLVED,IPG,2385.407,right,LOCATED,0,207200
P10_T13,RESOLVED,TC,29.061,,,10,104200
P10_T14,RESOLVED,IPG,179.533,,,11,104200
P10_T15,RESOLVED,EPG,,,,2,602000
P10_T15,RESOLVED,EPG,,,,29,100000
P10_T15,RESOLVED,EPG,,,,2,7000
P10_T15,RESOLVED,EPG,,,,1,1000
P10_T16,RESOLVED,IPG,684.167,,,12,104200
P11_T01,RESOLVED,IPG,42.843,,,13,104200
P11_T02,RESOLVED,EPG,,,,3,602000
P11_T02,RESOLVED,EPG,,,,32,100000
P11_T02,RESOLVED,EPG,,,,3,7000
P11_T02,RESOLVED,EPG,,,,2,1000
P11_T03,RESOLVED,IPG,361.294,,,14,104200
P11_T04,RESOLVED,IPG,473.18,,,15,104200
P11_T05,RESOLVED,IPG,615.542,,,16,104200
P11_T06,RESOLVED,IPG,752.304,,,17,104200
P11_T07,RESOLVED,IPG,986.423,,,18,104200
P11_T08,RESOLVED,IPG,1115.448,,,19,104200
P11_T09,RESOLVED,IPG,1288.667,,,20,104200
P11_T10,RESOLVED,IPG,1461.593,,,21,104200
P11_T11,RESOLVED,IPG,1597.411,,,22,104200
P11_T12,RESOLVED,IPG,1753.137,,,23,104200
P11_T13,RESOLVED,IPG,1910.946,,,24,104200
P11_T14,RESOLVED,IPG,2120.74,,,25,104200
P11_T15,RESOLVED,IPG,,,,45,100000
P11_T15,RESOLVED,IPG,,,,3,1000
P12_T01,RESOLVED,OTHER,63.46,,,26,104200
P12_T02,RESOLVED,IPG,256.944,,,27,104200
P12_T03,RESOLVED,OTHER,359.365,,,28,104200
P12_T04,RESOLVED,OTHER,480.799,,,29,104200
P12_T05,RESOLVED,EPG,,,,50,100000
P12_T05,RESOLVED,EPG,,,,4,1000
P12_T06,RESOLVED,EPG,715.231,,,30,104200
P12_T07,RESOLVED,IPG,,,,52,100000
P12_T07,RESOLVED,IPG,,,,5,1000
P12_T08,RESOLVED,TC,928.06,,,31,104200
P12_T09,RESOLVED,TC,1038.919,,,32,104200
P12_T10,RESOLVED,OTHER,1103.385,,,33,104200
P12_T11,RESOLVED,TC,1214.053,,,34,104200
P12_T12,RESOLVED,TC,1274.392,,,35,104200
P12_T13,RESOLVED,TC,1338.214,,,36,104200
P12_T14,RESOLVED,OTHER,1498.245,,,37,104200
P12_T15,RESOLVED,TC,1711.654,,,38,104200
P13_T01,RESOLVED,IPG,146.199,,,39,104200
P13_T02,RESOLVED,OTHER,352.752,,,40,104200
P13_T03,RESOLVED,EPG,792.405,right,LOCATED,0,283200
P13_T04,RESOLVED,EPG,157.311,,,41,104200
P13_T05,RESOLVED,IPG,336.069,,,42,104200
P13_T06,RESOLVED,IPG,499.045,,,43,104200
P13_T07,RESOLVED,IPG,591.544,right,LOCATED,0,217700
P13_T08,RESOLVED,OTHER,106.25,left,LOCATED,1,207200
P13_T09,RESOLVED,IPG,255.424,left,LOCATED,2,207200
P13_T10,RESOLVED,EPG,355.544,left,LOCATED,0,207200
P13_T10,UNRESOLVED,,,right,NOT_FOUND,3,207200
P13_T11,RESOLVED,IPG,514.214,,,47,104200
P13_T12,RESOLVED,IPG,637.809,,,48,104200
P13_T13,RESOLVED,EPG,784.513,,,1,105200
P13_T14,RESOLVED,IPG,965.164,GOPRO_RIGHT,LOCATED,11,882200
P13_T14,UNRESOLVED,,,left,SKIP_BLOCKED,4,207200
P13_T15,RESOLVED,IPG,1088.385,right,LOCATED,1,217700
P15_T01,RESOLVED,EPG,,,,4,602000
P15_T01,RESOLVED,EPG,,,,76,100000
P15_T01,RESOLVED,EPG,,,,4,7000
P15_T01,RESOLVED,EPG,,,,6,1000
P15_T02,RESOLVED,IPG,383.763,,,51,104200
P15_T03,RESOLVED,IPG,519.084,,,52,104200
P15_T04,RESOLVED,EPG,667.664,,,53,104200
P15_T05,RESOLVED,IPG,828.275,,,54,104200
P15_T06,RESOLVED,EPG,1007.069,,,55,104200
P15_T07,RESOLVED,EPG,,,,82,100000
P15_T07,RESOLVED,EPG,,,,7,1000
P15_T08,RESOLVED,EPG,1243.442,,,56,104200
P15_T09,RESOLVED,EPG,1394.57,,,57,104200
P15_T10,RESOLVED,IPG,1598.486,,,58,104200
P15_T11,RESOLVED,EPG,1740.559,,,59,104200
P15_T12,RESOLVED,EPG,1840.845,,,60,104200
P15_T13,RESOLVED,EPG,2002.196,,,61,104200
P15_T14,RESOLVED,IPG,2143.009,,,62,104200
P15_T15,RESOLVED,EPG,2363.862,,,63,104200
P16_T01,RESOLVED,IPG,124.602,,,64,104200
P16_T02,RESOLVED,IPG,352.385,,,65,104200
P16_T03,RESOLVED,EPG,1030.12,right,LOCATED,5,207200
P16_T04,RESOLVED,EPG,177.959,,,66,104200
P16_T05,RESOLVED,IPG,538.171,,,67,104200
P16_T06,RESOLVED,EPG,2242.656,right,LOCATED,6,207200
P16_T07,RESOLVED,IPG,56.831,,,68,104200
P16_T08,RESOLVED,IPG,221.082,,,69,104200
P16_T09,RESOLVED,OTHER,392.67,,,70,104200
P16_T10,RESOLVED,IPG,638.004,,,71,104200
P16_T11,RESOLVED,TC,779.34,,,72,104200
P16_T12,RESOLVED,EPG,1125.169,left,LOCATED,7,207200
P16_T13,RESOLVED,EPG,1269.066,left,LOCATED,8,207200
P16_T14,RESOLVED,EPG,,,,5,602000
P16_T14,RESOLVED,EPG,,,,104,100000
P16_T14,RESOLVED,EPG,,,,5,7000
P16_T14,RESOLVED,EPG,,,,8,1000
P16_T15,RESOLVED,EPG,1819.623,left,LOCATED,9,207200
P17_T01,RESOLVED,TC,59.263,,,76,104200
P17_T02,RESOLVED,EPG,269.477,,,77,104200
P17_T03,RESOLVED,TC,559.518,,,78,104200
P17_T04,RESOLVED,IPG,744.63,,,79,104200
P17_T05,RESOLVED,TC,989.355,,,80,104200
P17_T06,RESOLVED,IPG,1172.411,,,81,104200
P17_T07,RESOLVED,TC,1708.76,,,82,104200
P17_T08,RESOLVED,EPG,1935.124,,,83,104200
P17_T09,RESOLVED,EPG,2160.342,right,LOCATED,10,207200
P17_T10,RESOLVED,EPG,45.172,,,84,104200
P17_T11,RESOLVED,OTHER,193.346,,,85,104200
P17_T12,RESOLVED,EPG,378.378,,,86,104200
P17_T13,RESOLVED,EPG,479.278,,,87,104200
P17_T14,RESOLVED,EPG,729.27,,,88,104200
P17_T15,RESOLVED,TC,3409.722,right,LOCATED,11,207200
P18_T01,RESOLVED,IPG,73.626,,,89,104200
P18_T02,RESOLVED,EPG,53.515,,,90,104200
P18_T03,RESOLVED,IPG,195.011,,,91,104200
P18_T04,RESOLVED,IPG,315.51,,,92,104200
P18_T05,RESOLVED,IPG,462.744,,,93,104200
P18_T06,RESOLVED,IPG,660.466,,,94,104200
P18_T07,RESOLVED,EPG,801.376,,,95,104200
P18_T08,RESOLVED,IPG,1138.638,,,96,104200
P18_T09,RESOLVED,IPG,1251.13,,,97,104200
P18_T10,RESOLVED,IPG,1367.187,,,98,104200
P18_T11,RESOLVED,IPG,1581.683,,,99,104200
P18_T12,RESOLVED,IPG,1676.254,,,100,104200
P18_T13,RESOLVED,IPG,1808.385,,,101,104200
P18_T14,RESOLVED,IPG,,,,6,602000
P18_T14,RESOLVED,IPG,,,,134,100000
P18_T14,RESOLVED,IPG,,,,6,7000
P18_T14,RESOLVED,IPG,,,,9,1000
P18_T15,RESOLVED,IPG,2210.436,,,102,104200
P19_T01,RESOLVED,IPG,81.114,,,103,104200
P19_T02,RESOLVED,IPG,613.972,,,104,104200
P19_T03,RESOLVED,IPG,282.798,left,LOCATED,1,207200
P19_T03,UNRESOLVED,,,right,NOT_FOUND,12,207200
P19_T04,RESOLVED,IPG,,left,LOCATED,0,220700
P19_T05,RESOLVED,IPG,66.733,GOPRO_RIGHT,LOCATED,1,985200
P19_T05,UNRESOLVED,,,GOPRO_RIGHT,FULL_SOURCE_OR_RETIMING_REQUIRED,7,933200
P19_T05,UNRESOLVED,,,GOPRO_RIGHT,BROADER_CONTEXT_REQUIRED,7,882200
P19_T05,UNRESOLVED,,,left,NOT_FOUND,13,207200
P19_T06,RESOLVED,EPG,547.747,GOPRO_RIGHT,LOCATED,8,933200
P19_T06,UNRESOLVED,,,GOPRO_RIGHT,BROADER_CONTEXT_REQUIRED,8,882200
P19_T06,UNRESOLVED,,,left,NOT_FOUND,14,207200
P19_T07,RESOLVED,IPG,1093.846,,,108,104200
P19_T08,RESOLVED,IPG,1313.946,,,109,104200
P19_T09,RESOLVED,IPG,2078.241,CAE_HAND,LOCATED,0,237200
P19_T09,UNRESOLVED,,,left,NOT_FOUND,2,207200
P19_T09,UNRESOLVED,,,right,NOT_FOUND,15,207200
P19_T10,RESOLVED,TC,2153.016,,,111,104200
P19_T11,RESOLVED,TC,2295.574,,,4,105200
P19_T12,RESOLVED,TC,2393.925,GOPRO_RIGHT,LOCATED,9,933200
P19_T12,UNRESOLVED,,,GOPRO_RIGHT,BROADER_CONTEXT_REQUIRED,9,882200
P19_T12,UNRESOLVED,,,left,NOT_FOUND,16,207200
P19_T13,RESOLVED,IPG,47.079,,,114,104200
P19_T14,RESOLVED,EPG,334.1,,,115,104200
P19_T15,RESOLVED,EPG,807.565,,,116,104200
P1_T01,RESOLVED,TC,155.216,,LOCATED_FINAL,0,113700
P1_T01,UNRESOLVED,,,,NOT_FOUND,0,112700
P1_T02,RESOLVED,TC,403.894,,LOCATED,1,112700
P1_T03,RESOLVED,IPG,560.499,,LOCATED,2,112700
P1_T04,RESOLVED,TC,152.402,GOPRO_LEFT,LOCATED,0,985200
P1_T04,UNRESOLVED,,,GOPRO_LEFT,FULL_SOURCE_OR_RETIMING_REQUIRED,0,933200
P1_T04,UNRESOLVED,,,GOPRO_LEFT,BROADER_CONTEXT_REQUIRED,0,882200
P1_T04,UNRESOLVED,,,,NOT_FOUND_FINAL,1,113700
P1_T04,UNRESOLVED,,,,NOT_FOUND,3,112700
P1_T05,RESOLVED,OTHER,1026.374,,LOCATED,4,112700
P1_T06,RESOLVED,TC,989.034,CAE_OTHER,LOCATED,0,1141200
P1_T06,UNRESOLVED,,,CAE_OTHER,ALT_CAE_RETIMING_REQUIRED,0,240200
P1_T06,UNRESOLVED,,,,NOT_FOUND_FINAL,2,113700
P1_T06,UNRESOLVED,,,,NOT_FOUND,5,112700
P1_T07,RESOLVED,EPG,1127.016,GOPRO_LEFT,LOCATED,1,933200
P1_T07,UNRESOLVED,,,GOPRO_LEFT,BROADER_CONTEXT_REQUIRED,1,882200
P1_T07,UNRESOLVED,,,,NOT_FOUND_FINAL,3,113700
P1_T07,UNRESOLVED,,,,NOT_FOUND,6,112700
P1_T08,RESOLVED,TC,1412.487,,LOCATED,7,112700
P1_T09,RESOLVED,TC,1413.368,CAE_OTHER,LOCATED,1,1141200
P1_T09,UNRESOLVED,,,CAE_OTHER,ALT_CAE_RETIMING_REQUIRED,1,240200
P1_T09,UNRESOLVED,,,,NOT_FOUND_FINAL,4,113700
P1_T09,UNRESOLVED,,,,NOT_FOUND,8,112700
P1_T10,RESOLVED,TC,1815.162,,LOCATED,9,112700
P1_T11,RESOLVED,TC,1816.935,CAE_OTHER,LOCATED,2,1141200
P1_T11,UNRESOLVED,,,CAE_OTHER,ALT_CAE_RETIMING_REQUIRED,2,240200
P1_T11,UNRESOLVED,,,,NOT_FOUND_FINAL,5,113700
P1_T11,UNRESOLVED,,,,NOT_FOUND,10,112700
P1_T12,RESOLVED,OTHER,2197.164,,LOCATED_FINAL,6,113700
P1_T12,UNRESOLVED,,,,NOT_FOUND,11,112700
P1_T13,RESOLVED,OTHER,2217.122,,LOCATED_FINAL,7,113700
P1_T13,UNRESOLVED,,,,NOT_FOUND,12,112700
P1_T14,RESOLVED,OTHER,2600.879,,LOCATED,13,112700
P1_T15,RESOLVED,TC,2561.902,CAE_OTHER,LOCATED,3,1141200
P1_T15,UNRESOLVED,,,CAE_OTHER,ALT_CAE_RETIMING_REQUIRED,3,240200
P1_T15,UNRESOLVED,,,,NOT_FOUND_FINAL,8,113700
P1_T15,UNRESOLVED,,,,NOT_FOUND,14,112700
P20_T01,RESOLVED,IPG,281.238,,LOCATED,0,1036010
P20_T01,UNRESOLVED,,,CAE_HAND,VALIDATED_INTERVAL_EXHAUSTED_UNRESOLVED,1,237200
P20_T01,UNRESOLVED,,,left,NOT_FOUND,17,207200
P20_T02,RESOLVED,IPG,202.597,left,LOCATED,18,207200
P20_T03,RESOLVED,EPG,343.747,left,LOCATED,3,207200
P20_T03,UNRESOLVED,,,right,NOT_FOUND,19,207200
P20_T04,RESOLVED,TC,535.801,,,6,105200
P20_T05,RESOLVED,IPG,744.947,left,LOCATED,20,207200
P20_T06,RESOLVED,IPG,828.882,left,LOCATED,21,207200
P20_T07,RESOLVED,EPG,927.539,left,LOCATED,4,207200
P20_T07,UNRESOLVED,,,right,NOT_FOUND,22,207200
P20_T08,RESOLVED,OTHER,1091.223,left,LOCATED,23,207200
P20_T09,RESOLVED,TC,1193.257,left,LOCATED,24,207200
P20_T10,RESOLVED,EPG,1311.993,left,LOCATED,5,207200
P20_T10,UNRESOLVED,,,right,NOT_FOUND,25,207200
P20_T11,RESOLVED,OTHER,1473.541,left,LOCATED,26,207200
P20_T12,RESOLVED,IPG,1551.176,left,LOCATED,27,207200
P20_T13,RESOLVED,EPG,1663.222,left,LOCATED,6,207200
P20_T13,UNRESOLVED,,,right,SKIP_BLOCKED,28,207200
P20_T14,RESOLVED,TC,1806.652,left,LOCATED,29,207200
P20_T15,RESOLVED,IPG,2138.813,left,LOCATED,30,207200
P20_T16,RESOLVED,IPG,1633.499,GOPRO_RIGHT,LOCATED,2,985200
P20_T16,UNRESOLVED,,,GOPRO_RIGHT,FULL_SOURCE_OR_RETIMING_REQUIRED,10,933200
P20_T16,UNRESOLVED,,,GOPRO_RIGHT,BROADER_CONTEXT_REQUIRED,10,882200
P20_T16,UNRESOLVED,,,left,NOT_FOUND,31,207200
P21_T01,RESOLVED,TC,69.276,,,133,104200
P21_T02,RESOLVED,EPG,274.794,,,134,104200
P21_T03,RESOLVED,TC,410.299,,,135,104200
P21_T04,RESOLVED,TC,505.855,,,136,104200
P21_T05,RESOLVED,TC,573.235,,,137,104200
P21_T06,RESOLVED,TC,704.347,,,138,104200
P21_T07,RESOLVED,TC,874.456,,,139,104200
P21_T08,RESOLVED,TC,932.565,,,140,104200
P21_T09,RESOLVED,TC,1016.784,,,141,104200
P21_T10,RESOLVED,TC,1159.608,,,142,104200
P21_T11,RESOLVED,TC,1215.471,,,143,104200
P21_T12,RESOLVED,TC,1285.705,,,144,104200
P21_T13,RESOLVED,TC,1432.443,,,145,104200
P21_T14,RESOLVED,TC,1659.541,,,146,104200
P21_T15,RESOLVED,EPG,,,,196,100000
P21_T15,RESOLVED,EPG,,,,10,1000
P22_T01,RESOLVED,IPG,57.991,GOPRO_RIGHT,LOCATED,12,882200
P22_T02,RESOLVED,EPG,,,,198,100000
P22_T02,RESOLVED,EPG,,,,11,1000
P22_T03,RESOLVED,IPG,577.531,,,148,104200
P22_T04,RESOLVED,IPG,694.293,,,149,104200
P22_T05,RESOLVED,IPG,774.161,,,150,104200
P22_T06,RESOLVED,OTHER,873.768,,,151,104200
P22_T07,RESOLVED,TC,1026.64,,,152,104200
P22_T08,RESOLVED,TC,1111.377,,,153,104200
P22_T09,RESOLVED,EPG,,,,205,100000
P22_T09,RESOLVED,EPG,,,,12,1000
P22_T10,RESOLVED,TC,1458.078,,,154,104200
P22_T11,RESOLVED,IPG,1675.451,,,155,104200
P22_T12,RESOLVED,IPG,1930.453,,,156,104200
P22_T13,RESOLVED,IPG,2039.099,,,157,104200
P22_T14,RESOLVED,EPG,,,,7,602000
P22_T14,RESOLVED,EPG,,,,210,100000
P22_T14,RESOLVED,EPG,,,,7,7000
P22_T14,RESOLVED,EPG,,,,13,1000
P22_T15,RESOLVED,EPG,2477.622,,,158,104200
P23_T01,RESOLVED,TC,358.168,,LOCATED,0,228200
P23_T01,RESOLVED,TC,362.601,,LOCATED,0,226220
P23_T01,RESOLVED,TC,3.996,,LOCATED,0,226210
P23_T01,RESOLVED,TC,3.996,,LOCATED,0,226200
P23_T01,RESOLVED,TC,3.996,,LOCATED,0,224200
P23_T02,RESOLVED,TC,380.301,,LOCATED,1,228200
P23_T02,RESOLVED,TC,363.668,,LOCATED,1,226220
P23_T02,RESOLVED,TC,3.996,,LOCATED,1,226210
P23_T02,RESOLVED,TC,3.996,,LOCATED,1,226200
P23_T02,RESOLVED,TC,3.996,,LOCATED,1,224200
P23_T03,RESOLVED,TC,,,,0,227000
P23_T03,RESOLVED,TC,364.18,,LOCATED,0,224200
P23_T04,RESOLVED,TC,,,,1,227000
P23_T04,RESOLVED,TC,544.488,,LOCATED,1,224200
P23_T05,RESOLVED,TC,549.869,,LOCATED,2,224200
P23_T06,RESOLVED,EPG,,,,2,227000
P23_T06,RESOLVED,EPG,,,,3,222200
P23_T07,RESOLVED,EPG,891.47,,LOCATED,3,224200
P23_T08,RESOLVED,EPG,,,,3,227000
P23_T08,RESOLVED,EPG,,,,5,222200
P23_T09,RESOLVED,TC,,,,4,227000
P23_T09,RESOLVED,TC,1327.07,,LOCATED,2,224200
P23_T10,RESOLVED,IPG,,,,5,227000
P23_T10,RESOLVED,IPG,,,,6,222200
P23_T11,RESOLVED,EPG,2074.0,CAE_HAND,LOCATED,0,3247500
P23_T11,UNRESOLVED,,,,CANDIDATES_EXHAUSTED_UNRESOLVED,3,224200
P23_T11,UNRESOLVED,,,,BOUNDED_SEARCH_UNRESOLVED,4,224200
P23_T12,RESOLVED,TC,,,,6,227000
P23_T12,RESOLVED,TC,,,,7,222200
P23_T13,RESOLVED,IPG,,,,7,227000
P23_T13,RESOLVED,IPG,2085.41,,LOCATED,4,224200
P23_T14,RESOLVED,IPG,,,,8,227000
P23_T14,RESOLVED,IPG,2088.041,,LOCATED,2,226220
P23_T14,RESOLVED,IPG,2113.441,,LOCATED,2,226200
P23_T14,RESOLVED,IPG,2394.11,,LOCATED,5,224200
P23_T15,UNRESOLVED,,,,IDENTITY_SEARCH_UNRESOLVED,3,226220
P23_T15,RESOLVED,IPG,2132.774,,LOCATED,3,226200
P23_T15,RESOLVED,IPG,2400.408,,LOCATED,5,224200
P23_T16,RESOLVED,TC,,,,9,227000
P23_T16,RESOLVED,TC,,,,9,222200
P24_T01,RESOLVED,EPG,93.868,,LOCATED,0,832320
P24_T01,RESOLVED,EPG,93.868,,LOCATED,0,229810
P24_T01,RESOLVED,EPG,93.868,,LOCATED,0,229200
P24_T01,RESOLVED,IPG,,,,0,227030
P24_T01,RESOLVED,IPG,,,,0,227020
P24_T01,RESOLVED,IPG,,,,10,227000
P24_T01,RESOLVED,IPG,,,,10,222200
P24_T02,RESOLVED,IPG,305.605,,LOCATED,1,832320
P24_T02,RESOLVED,IPG,305.605,,LOCATED,1,229810
P24_T02,RESOLVED,IPG,305.605,,LOCATED,1,229200
P24_T02,RESOLVED,IPG,,,,1,227030
P24_T02,RESOLVED,IPG,,,,1,227020
P24_T02,RESOLVED,IPG,,,,11,227000
P24_T02,RESOLVED,IPG,,,,11,222200
P24_T03,RESOLVED,EPG,450.407,,LOCATED,2,832320
P24_T03,RESOLVED,EPG,450.407,,LOCATED,2,229810
P24_T03,RESOLVED,EPG,450.407,,LOCATED,2,229200
P24_T03,RESOLVED,EPG,292.138,,LOCATED,0,228230
P24_T03,RESOLVED,EPG,,,,2,227030
P24_T03,RESOLVED,EPG,,,,2,227020
P24_T03,RESOLVED,EPG,,,,12,227000
P24_T03,RESOLVED,EPG,359.807,,LOCATED,6,224200
P24_T04,RESOLVED,EPG,545.609,,LOCATED,3,832320
P24_T04,RESOLVED,EPG,545.609,,LOCATED,3,229810
P24_T04,RESOLVED,EPG,545.609,,LOCATED,3,229200
P24_T04,RESOLVED,EPG,301.338,,LOCATED,1,228230
P24_T04,RESOLVED,IPG,,,,3,227030
P24_T04,RESOLVED,IPG,,,,3,227020
P24_T04,RESOLVED,IPG,,,,13,227000
P24_T04,RESOLVED,IPG,541.69,,LOCATED,7,224200
P24_T05,RESOLVED,EPG,979.482,,LOCATED,4,832320
P24_T05,RESOLVED,EPG,979.482,,LOCATED,4,229810
P24_T05,RESOLVED,EPG,979.482,,LOCATED,4,229200
P24_T05,RESOLVED,EPG,307.338,,LOCATED,2,228230
P24_T05,RESOLVED,IPG,329.339,,LOCATED,0,228220
P24_T05,RESOLVED,EPG,,,,4,227030
P24_T05,RESOLVED,EPG,,,,4,227020
P24_T05,RESOLVED,EPG,,,,14,227000
P24_T05,UNRESOLVED,,,,IDENTITY_SEARCH_UNRESOLVED,4,226220
P24_T05,RESOLVED,IPG,583.569,,LOCATED,4,226200
P24_T05,RESOLVED,EPG,,,,12,222200
P24_T06,RESOLVED,IPG,1052.65,,LOCATED,5,832320
P24_T06,RESOLVED,IPG,1052.65,,LOCATED,5,229810
P24_T06,RESOLVED,IPG,1052.65,,LOCATED,5,229200
P24_T06,RESOLVED,EPG,309.738,,LOCATED,3,228230
P24_T06,UNRESOLVED,,,,IDENTITY_SEARCH_UNRESOLVED,5,226220
P24_T06,RESOLVED,IPG,546.335,,LOCATED,6,224200
P24_T07,RESOLVED,IPG,1127.185,,LOCATED,6,832320
P24_T07,RESOLVED,IPG,1127.185,,LOCATED,6,229810
P24_T07,RESOLVED,IPG,1127.185,,LOCATED,0,229210
P24_T07,UNRESOLVED,,,,FULL_SEQUENCE_UNRESOLVED,4,228230
P24_T07,UNRESOLVED,,,,IDENTITY_SEARCH_UNRESOLVED,6,226220
P24_T07,RESOLVED,IPG,547.669,,LOCATED,7,224200
P24_T08,RESOLVED,IPG,1207.719,,LOCATED,7,832320
P24_T08,RESOLVED,IPG,1207.719,,LOCATED,7,229810
P24_T08,RESOLVED,IPG,1207.719,,LOCATED,1,229210
P24_T08,RESOLVED,EPG,313.605,,LOCATED,5,228230
P24_T08,UNRESOLVED,,,,IDENTITY_SEARCH_UNRESOLVED,7,226220
P24_T08,RESOLVED,IPG,551.669,,LOCATED,8,224200
P24_T09,RESOLVED,EPG,1300.921,,LOCATED,8,832320
P24_T09,RESOLVED,EPG,1300.921,,LOCATED,0,830520
P24_T09,RESOLVED,IPG,,,,5,227030
P24_T09,RESOLVED,IPG,,,,5,227020
P24_T09,RESOLVED,IPG,,,,15,227000
P24_T09,RESOLVED,IPG,,,,16,222200
P24_T10,RESOLVED,IPG,,,,6,227030
P24_T10,RESOLVED,IPG,,,,6,227020
P24_T10,RESOLVED,IPG,,,,16,227000
P24_T10,RESOLVED,IPG,,,,17,222200
P24_T11,RESOLVED,IPG,,,,7,227030
P24_T11,RESOLVED,IPG,,,,7,227020
P24_T11,RESOLVED,IPG,,,,17,227000
P24_T11,RESOLVED,IPG,1126.503,,LOCATED,8,224200
P24_T12,RESOLVED,IPG,,,,8,227030
P24_T12,RESOLVED,IPG,,,,8,227020
P24_T12,RESOLVED,IPG,,,,18,227000
P24_T12,RESOLVED,IPG,,,,18,222200
P24_T13,RESOLVED,IPG,,,,9,227030
P24_T13,RESOLVED,IPG,,,,9,227020
P24_T13,RESOLVED,IPG,,,,19,227000
P24_T13,RESOLVED,IPG,,,,19,222200
P24_T14,RESOLVED,IPG,,,,10,227030
P24_T14,RESOLVED,IPG,,,,10,227020
P24_T14,RESOLVED,IPG,,,,20,227000
P24_T14,RESOLVED,IPG,1699.711,,LOCATED,9,224200
P24_T15,RESOLVED,IPG,,,,11,227030
P24_T15,RESOLVED,IPG,,,,11,227020
P24_T15,RESOLVED,IPG,,,,21,227000
P24_T15,RESOLVED,IPG,,,,20,222200
P25_T01,RESOLVED,EPG,,,,8,602000
P25_T01,RESOLVED,EPG,,,,243,100000
P25_T01,RESOLVED,EPG,,,,8,7000
P25_T01,RESOLVED,EPG,,,,14,1000
P25_T02,RESOLVED,IPG,373.206,,,159,104200
P25_T03,RESOLVED,EPG,,right,LOCATED,1,220700
P25_T04,RESOLVED,IPG,41.85,,,160,104200
P25_T05,RESOLVED,IPG,287.7,,,161,104200
P25_T06,RESOLVED,IPG,617.341,,,162,104200
P25_T07,RESOLVED,EPG,771.148,,,10,105200
P25_T08,RESOLVED,IPG,1012.993,,,164,104200
P25_T09,RESOLVED,TC,1138.542,,,165,104200
P25_T10,RESOLVED,IPG,1265.358,,,166,104200
P25_T11,RESOLVED,IPG,1467.575,,,167,104200
P25_T12,RESOLVED,EPG,1557.546,,,168,104200
P25_T13,RESOLVED,TC,1770.855,,,169,104200
P25_T14,RESOLVED,IPG,1989.082,,,170,104200
P25_T15,RESOLVED,TC,2285.681,,,171,104200
P25_T16,RESOLVED,TC,2343.179,,,172,104200
P26_T01,RESOLVED,EPG,,right,LOCATED,2,220700
P26_T02,RESOLVED,IPG,63.263,,,173,104200
P26_T03,RESOLVED,IPG,767.014,,,174,104200
P26_T04,RESOLVED,OTHER,28.729,,,175,104200
P26_T05,RESOLVED,OTHER,23.483,,,176,104200
P26_T06,RESOLVED,IPG,53.28,,,177,104200
P26_T07,RESOLVED,IPG,616.582,,,178,104200
P26_T08,RESOLVED,IPG,42.757,,,179,104200
P26_T09,RESOLVED,IPG,130.218,,,180,104200
P26_T10,RESOLVED,IPG,233.835,,,181,104200
P26_T11,RESOLVED,IPG,308.661,,,182,104200
P26_T12,RESOLVED,IPG,423.025,,,183,104200
P26_T13,RESOLVED,IPG,646.118,,,184,104200
P26_T14,RESOLVED,IPG,761.247,,,185,104200
P26_T15,RESOLVED,IPG,1223.458,,,186,104200
P26_T16,RESOLVED,IPG,1330.91,,,187,104200
P26_T17,RESOLVED,IPG,42.576,,,188,104200
P26_T18,RESOLVED,EPG,,,,9,602000
P26_T18,RESOLVED,EPG,,,,276,100000
P26_T18,RESOLVED,EPG,,,,9,7000
P26_T18,RESOLVED,EPG,,,,15,1000
P27_T01,RESOLVED,EPG,40.523,,,189,104200
P27_T02,RESOLVED,IPG,264.667,,,190,104200
P27_T03,RESOLVED,EPG,,,,10,602000
P27_T03,RESOLVED,EPG,,,,279,100000
P27_T03,RESOLVED,EPG,,,,10,7000
P27_T03,RESOLVED,EPG,,,,16,1000
P27_T04,RESOLVED,IPG,,,,280,100000
P27_T04,RESOLVED,IPG,,,,17,1000
P27_T05,RESOLVED,TC,730.36,,,191,104200
P27_T06,RESOLVED,IPG,841.908,,,192,104200
P27_T07,RESOLVED,IPG,897.482,,,193,104200
P27_T08,RESOLVED,IPG,1058.628,left,LOCATED,32,207200
P27_T09,RESOLVED,IPG,1129.1,,,195,104200
P27_T10,RESOLVED,EPG,,,,286,100000
P27_T10,RESOLVED,EPG,,,,18,1000
P27_T11,RESOLVED,IPG,1346.705,,,196,104200
P27_T12,RESOLVED,IPG,33.421,,,197,104200
P27_T13,RESOLVED,IPG,177.768,,,198,104200
P27_T14,RESOLVED,IPG,587.12,,,199,104200
P27_T15,RESOLVED,OTHER,927.971,,,200,104200
P27_T16,RESOLVED,OTHER,1163.687,,,201,104200
P28_T01,RESOLVED,IPG,41.601,,,202,104200
P28_T02,RESOLVED,IPG,154.334,,,203,104200
P28_T03,RESOLVED,IPG,208.334,,,204,104200
P28_T04,RESOLVED,IPG,284.128,,,205,104200
P28_T05,RESOLVED,IPG,553.142,,,206,104200
P28_T06,RESOLVED,EPG,,,,298,100000
P28_T06,RESOLVED,EPG,,,,19,1000
P28_T07,RESOLVED,IPG,761.915,,,207,104200
P28_T08,RESOLVED,IPG,823.056,,,208,104200
P28_T09,RESOLVED,TC,912.771,,,209,104200
P28_T10,RESOLVED,IPG,1048.711,,,210,104200
P28_T11,RESOLVED,IPG,1162.954,,,211,104200
P28_T12,RESOLVED,EPG,1317.015,,,212,104200
P28_T13,RESOLVED,IPG,1378.718,,,213,104200
P28_T14,RESOLVED,EPG,1463.932,,,214,104200
P28_T15,RESOLVED,EPG,1662.905,,,215,104200
P28_T16,RESOLVED,IPG,1765.986,,,216,104200
P29_T01,RESOLVED,IPG,94.897,,,217,104200
P29_T02,RESOLVED,EPG,,,,11,602000
P29_T02,RESOLVED,EPG,,,,310,100000
P29_T02,RESOLVED,EPG,,,,11,7000
P29_T02,RESOLVED,EPG,,,,20,1000
P29_T03,RESOLVED,IPG,420.648,,,218,104200
P29_T04,RESOLVED,IPG,584.616,,,219,104200
P29_T05,RESOLVED,IPG,772.342,,,220,104200
P29_T06,RESOLVED,EPG,,,,314,100000
P29_T06,RESOLVED,EPG,,,,21,1000
P29_T07,RESOLVED,IPG,1023.592,,,221,104200
P29_T08,RESOLVED,IPG,1122.154,,,222,104200
P29_T09,RESOLVED,IPG,1359.967,,,223,104200
P29_T10,RESOLVED,IPG,1465.35,,,224,104200
P29_T11,RESOLVED,IPG,1550.629,,,225,104200
P29_T12,RESOLVED,OTHER,1652.408,,,226,104200
P29_T13,RESOLVED,IPG,1764.095,,,227,104200
P29_T14,RESOLVED,IPG,2103.263,,,228,104200
P29_T15,RESOLVED,OTHER,2456.253,,,229,104200
P2_T01,RESOLVED,TC,563.469,right,LOCATED,0,1088810
P2_T01,RESOLVED,TC,563.469,right,LOCATED,0,238200
P2_T01,UNRESOLVED,,,,NOT_FOUND_FINAL,9,113700
P2_T01,UNRESOLVED,,,,NOT_FOUND,15,112700
P2_T02,RESOLVED,IPG,759.336,right,LOCATED,1,1088810
P2_T02,RESOLVED,IPG,759.336,right,LOCATED,0,1087010
P2_T02,UNRESOLVED,,,,NOT_FOUND_FINAL,10,113700
P2_T02,UNRESOLVED,,,,NOT_FOUND,16,112700
P2_T03,RESOLVED,TC,562.316,,LOCATED_FINAL,11,113700
P2_T03,UNRESOLVED,,,,NOT_FOUND,17,112700
P2_T04,RESOLVED,TC,1227.067,,LOCATED,18,112700
P2_T05,RESOLVED,TC,1369.133,,LOCATED,19,112700
P2_T06,RESOLVED,TC,1224.737,,LOCATED,20,112700
P2_T07,RESOLVED,IPG,1882.6,,LOCATED,21,112700
P2_T08,RESOLVED,TC,2067.067,,LOCATED,22,112700
P2_T09,RESOLVED,EPG,1881.897,,LOCATED_FINAL,12,113700
P2_T09,UNRESOLVED,,,,NOT_FOUND,23,112700
P2_T10,RESOLVED,TC,2063.927,,LOCATED_FINAL,13,113700
P2_T10,UNRESOLVED,,,,NOT_FOUND,24,112700
P2_T11,RESOLVED,IPG,2298.21,,LOCATED_FINAL,14,113700
P2_T11,UNRESOLVED,,,,NOT_FOUND,25,112700
P2_T12,RESOLVED,IPG,2546.144,,LOCATED,26,112700
P2_T13,RESOLVED,EPG,2720.241,,LOCATED,27,112700
P2_T14,RESOLVED,IPG,3334.133,,LOCATED,28,112700
P2_T15,RESOLVED,OTHER,3495.933,,LOCATED,29,112700
P30_T01,RESOLVED,OTHER,65.776,,,245,104200
P30_T02,RESOLVED,EPG,283.95,,,246,104200
P30_T03,RESOLVED,IPG,421.608,,,247,104200
P30_T04,RESOLVED,EPG,546.989,,,15,105200
P30_T05,RESOLVED,OTHER,29.583,,,249,104200
P30_T06,RESOLVED,TC,170.674,,,250,104200
P30_T07,RESOLVED,TC,264.305,,,251,104200
P30_T08,RESOLVED,TC,373.498,,,252,104200
P30_T09,RESOLVED,IPG,496.32,,,253,104200
P30_T10,RESOLVED,TC,665.398,,,254,104200
P30_T11,RESOLVED,IPG,803.838,,,255,104200
P30_T12,RESOLVED,IPG,887.751,,,256,104200
P30_T13,RESOLVED,EPG,,,,12,602000
P30_T13,RESOLVED,EPG,,,,351,100000
P30_T13,RESOLVED,EPG,,,,12,7000
P30_T13,RESOLVED,EPG,,,,22,1000
P30_T14,RESOLVED,TC,1328.175,,,257,104200
P30_T15,RESOLVED,TC,1546.223,,,258,104200
P3_T01,RESOLVED,EPG,41.251,,,11,105200
P3_T02,RESOLVED,EPG,246.438,,,231,104200
P3_T03,RESOLVED,IPG,644.134,CAE_OTHER,LOCATED,0,3146510
P3_T03,UNRESOLVED,,,,NOT_FOUND_FINAL,15,113700
P3_T04,RESOLVED,IPG,419.286,GOPRO_RIGHT,LOCATED,2,933200
P3_T04,UNRESOLVED,,,GOPRO_RIGHT,BROADER_CONTEXT_REQUIRED,2,882200
P3_T04,UNRESOLVED,,,,NOT_FOUND_FINAL,16,113700
P3_T05,RESOLVED,EPG,246.58,GOPRO_LEFT,LOCATED,3,985200
P3_T05,UNRESOLVED,,,GOPRO_LEFT,FULL_SOURCE_OR_RETIMING_REQUIRED,3,933200
P3_T05,UNRESOLVED,,,GOPRO_LEFT,BROADER_CONTEXT_REQUIRED,3,882200
P3_T05,UNRESOLVED,,,,NOT_FOUND_FINAL,17,113700
P3_T06,RESOLVED,IPG,1146.948,,LOCATED_FINAL,18,113700
P3_T07,RESOLVED,IPG,1292.209,,LOCATED_FINAL,19,113700
P3_T08,RESOLVED,IPG,1691.084,,LOCATED_FINAL,20,113700
P3_T09,RESOLVED,OTHER,2142.386,,,238,104200
P3_T10,RESOLVED,IPG,2344.154,,,239,104200
P3_T11,RESOLVED,EPG,2764.705,,,240,104200
P3_T12,RESOLVED,IPG,2768.866,GOPRO_LEFT,LOCATED,4,933200
P3_T12,UNRESOLVED,,,GOPRO_LEFT,BROADER_CONTEXT_REQUIRED,4,882200
P3_T12,UNRESOLVED,,,,NOT_FOUND_FINAL,21,113700
P3_T13,RESOLVED,IPG,2991.868,,LOCATED_FINAL,22,113700
P3_T14,RESOLVED,IPG,94.227,GOPRO_RIGHT,LOCATED,5,933200
P3_T14,UNRESOLVED,,,GOPRO_RIGHT,BROADER_CONTEXT_REQUIRED,5,882200
P3_T14,UNRESOLVED,,,,NOT_FOUND_FINAL,23,113700
P3_T15,RESOLVED,IPG,80.948,GOPRO_RIGHT,LOCATED,4,985200
P3_T15,UNRESOLVED,,,GOPRO_RIGHT,FULL_SOURCE_OR_RETIMING_REQUIRED,6,933200
P3_T15,UNRESOLVED,,,GOPRO_RIGHT,BROADER_CONTEXT_REQUIRED,6,882200
P3_T15,UNRESOLVED,,,,NOT_FOUND_FINAL,24,113700
P4_T01,RESOLVED,IPG,80.467,,,259,104200
P4_T02,RESOLVED,EPG,383.073,,LOCATED_FINAL,25,113700
P4_T03,RESOLVED,EPG,363.825,,LOCATED_FINAL,26,113700
P4_T04,RESOLVED,EPG,636.895,,LOCATED_FINAL,27,113700
P4_T05,RESOLVED,EPG,23.929,,,263,104200
P4_T06,RESOLVED,IPG,149.673,,,264,104200
P4_T07,RESOLVED,EPG,218.747,,,265,104200
P4_T08,RESOLVED,EPG,320.097,,,266,104200
P4_T09,RESOLVED,EPG,398.792,,,267,104200
P4_T10,RESOLVED,IPG,514.848,,,268,104200
P4_T11,RESOLVED,EPG,598.554,,,269,104200
P4_T12,RESOLVED,EPG,730.588,,,270,104200
P4_T13,RESOLVED,IPG,,,,0,602000
P4_T13,RESOLVED,IPG,,,,366,100000
P4_T13,RESOLVED,IPG,,,,0,7000
P4_T13,RESOLVED,IPG,,,,23,1000
P4_T14,RESOLVED,IPG,1055.41,,,271,104200
P4_T15,RESOLVED,IPG,1203.847,,,272,104200
P5_T01,RESOLVED,TC,40.172,,,273,104200
P5_T02,RESOLVED,EPG,275.352,,,274,104200
P5_T03,RESOLVED,TC,708.585,,,275,104200
P5_T04,RESOLVED,TC,823.485,,,276,104200
P5_T05,RESOLVED,TC,934.683,,,277,104200
P5_T06,RESOLVED,OTHER,1143.174,,,278,104200
P5_T07,RESOLVED,TC,1641.673,,,279,104200
P5_T08,RESOLVED,TC,1802.12,,,280,104200
P5_T09,RESOLVED,IPG,1961.27,,,18,105200
P5_T10,RESOLVED,TC,2313.765,,,282,104200
P5_T11,RESOLVED,EPG,2432.379,,,19,105200
P5_T12,RESOLVED,TC,2819.592,,,284,104200
P5_T13,RESOLVED,IPG,2794.158,GOPRO_RIGHT,LOCATED,11,933200
P5_T13,UNRESOLVED,,,GOPRO_RIGHT,BROADER_CONTEXT_REQUIRED,13,882200
P5_T13,UNRESOLVED,,,,SKIP_BLOCKED_FINAL,28,113700
P5_T14,RESOLVED,TC,77.601,,,286,104200
P5_T15,RESOLVED,OTHER,236.999,,,287,104200
P6_T01,RESOLVED,EPG,1118.25,,,288,104200
P6_T02,RESOLVED,EPG,1348.659,,,289,104200
P6_T03,RESOLVED,TC,107.253,,,20,105200
P6_T04,RESOLVED,IPG,446.481,,,291,104200
P6_T05,RESOLVED,TC,823.616,left,LOCATED,33,207200
P6_T06,RESOLVED,TC,897.938,left,LOCATED,34,207200
P6_T07,RESOLVED,IPG,1067.133,GOPRO_RIGHT,LOCATED,12,933200
P6_T07,UNRESOLVED,,,GOPRO_RIGHT,BROADER_CONTEXT_REQUIRED,14,882200
P6_T07,UNRESOLVED,,,left,NOT_FOUND,35,207200
P6_T08,RESOLVED,EPG,1338.537,,,295,104200
P6_T09,RESOLVED,EPG,1507.557,,,21,105200
P6_T10,RESOLVED,IPG,1906.056,,,297,104200
P6_T11,RESOLVED,TC,2036.075,,,22,105200
P6_T12,RESOLVED,EPG,2169.246,,,299,104200
P6_T13,RESOLVED,EPG,2471.278,,,300,104200
P6_T14,RESOLVED,OTHER,2692.243,left,LOCATED,36,207200
P6_T15,RESOLVED,EPG,637.081,,,301,104200
P9_T01,RESOLVED,TC,85.459,,,302,104200
P9_T02,RESOLVED,EPG,197.249,,,303,104200
P9_T03,RESOLVED,IPG,,,,1,602000
P9_T03,RESOLVED,IPG,,,,401,100000
P9_T03,RESOLVED,IPG,,,,1,7000
P9_T03,RESOLVED,IPG,,,,24,1000
P9_T04,RESOLVED,IPG,,,,402,100000
P9_T04,RESOLVED,IPG,,,,25,1000
P9_T05,RESOLVED,TC,604.131,,,304,104200
P9_T06,RESOLVED,TC,744.798,,,305,104200
P9_T07,RESOLVED,IPG,820.927,,,306,104200
P9_T08,RESOLVED,IPG,901.434,,,307,104200
P9_T09,RESOLVED,IPG,979.043,,,308,104200
P9_T10,RESOLVED,IPG,1200.641,,,309,104200
P9_T11,RESOLVED,TC,,,,409,100000
P9_T11,RESOLVED,TC,,,,26,1000
P9_T12,RESOLVED,TC,1400.607,,,310,104200
P9_T13,RESOLVED,IPG,1493.577,,,311,104200
P9_T14,RESOLVED,IPG,1677.614,,,312,104200
P9_T15,RESOLVED,TC,1882.474,,,313,104200
