dropped,is_expert,RRR,p
P1,True,2.341577788958788,0.1155644780037308
P10,False,3.284262349583621,0.0060942713104106
P11,False,3.292094366417022,0.0069911901310955
P12,True,1.9464530164824647,0.152305463191716
P13,False,3.46481685322869,0.00630844790361
P15,False,3.1000045973625405,0.0092694996280764
P16,False,3.3562934466156995,0.0044389763377309
P17,False,3.7086713323669023,0.0030881185621653
P18,False,2.6820035610391937,0.0194743704329251
P19,False,3.10354946820743,0.0087842385773906
P2,False,3.3279851873540136,0.005556138532427
P20,False,3.497787499176233,0.0069570281945867
P21,False,3.265141813758196,0.0060510801447526
P22,False,3.3690567748750047,0.0060597376149348
P23,False,3.2180927467894382,0.0062599739915258
P24,False,3.352457117970596,0.0060948286484539
P25,False,3.090794829464144,0.0086759365450055
P26,False,3.238322619244549,0.012677566158007
P27,False,3.72134924601205,0.0032180000978302
P28,False,3.299725031768037,0.0057562564447717
P29,True,5.171723634219637,0.0001865773041825
P30,False,3.653315802256409,0.0053816482370793
P4,False,3.3053723131798,0.0059061392814439
P5,False,3.3922874721260112,0.0040466431718926
P6,False,3.3932911382476325,0.0038678759258127
P9,True,4.024257110181525,0.0009572585039219
