hand,outcome,outcome_kind,rows_in_hand_main_set,nonmissing_n,participants,device_levels,zero_n,negative_n,one_n,mean,sd,skew,min,q01,q25,median,q75,q99,max,pre_model_recommendation
left,mean_accel_norm_s2,continuous_positive,145,145,20,3,0,0,0,0.6190374498453395,0.3401602890885836,2.079338811444262,0.09165880600427,0.1040031578569383,0.4176365377821106,0.5331542429282988,0.7060512519450358,1.8559903373282245,2.2284163420400467,Gaussian GEE on log(outcome) sensitivity to raw-scale model
left,rms_accel_norm_s2,continuous_positive,145,145,20,3,0,0,0,2.012293284992005,1.5200293459607803,1.4323309820852426,0.1059423825829154,0.1290709126327001,0.9110566732474578,1.463989395606459,2.625582853963667,6.724097663315888,7.135542367224571,Gaussian GEE on log(outcome) sensitivity to raw-scale model
left,peak_accel_norm_s2,continuous_positive,145,145,20,3,0,0,0,37.08652361458331,35.83591010905893,1.269417696543446,0.3736157246946258,0.8465007881297513,10.556187690208295,23.067238872591417,53.17929000251716,128.36233604838282,155.87668276325672,Gaussian GEE on log(outcome) sensitivity to raw-scale model
left,sparc,continuous_signed,145,145,20,3,0,145,0,-38.80346087966938,28.961374010817543,-1.883591502460656,-163.05336602453104,-144.99078365746905,-49.5160111292111,-29.854241959382225,-19.825791830082046,-6.174442843659537,-4.587792595493208,Gaussian GEE on raw outcome
left,log_dimensionless_jerk,continuous_signed,145,145,20,3,0,145,0,-27.58426514970106,2.7958609096778706,-0.149439305825578,-36.49877780867739,-33.80927454737961,-29.23214506056138,-27.685618496995964,-25.93616982527952,-21.420590190339663,-21.03027496523249,Gaussian GEE on raw outcome
left,velocity_peak_count,count,145,145,20,3,0,0,0,468.6758620689655,338.4233435842726,3.1531434686791746,72.0,92.04,249.0,393.0,563.0,1511.4000000000003,2846.0,Negative-binomial GEE preferred; Poisson GEE as sensitivity
left,path_length_norm,continuous_positive,145,145,20,3,0,0,0,6.323436964581714,4.17085531646871,1.617436198670463,0.38595796511316,0.6103760939746307,3.411213498427506,4.99245494452905,8.705739330850903,21.215112256817758,23.235303630262923,Gaussian GEE on log(outcome) sensitivity to raw-scale model
left,path_efficiency,bounded_0_1,145,92,15,3,0,0,0,0.0415100529581978,0.0586162522285667,2.639526233047503,0.0005262839728867,0.0006291538626931,0.0076641014014741,0.0188620229325193,0.0405535657538014,0.2503318719813297,0.3326818689812743,Gaussian GEE on raw proportion with robust SE; logit-transformed sensitivity
left,stillness_fraction,bounded_0_1,145,145,20,3,1,0,2,0.5803971011765084,0.193320846477302,-0.4694429231989087,0.0,0.0945242296300398,0.4804156994085053,0.5977779997780008,0.7040693463084061,0.9851572913993294,1.0,Gaussian GEE on raw proportion with robust SE; logit-transformed sensitivity only for non-boundary rows
left,first_sustained_hand_movement_delay_sec,continuous_nonnegative,145,143,20,3,0,0,0,26.17589057914612,32.90295537571792,2.2964716877612354,0.0012970000000223,0.0068887199999517,2.1529500000001462,15.504732999999987,37.68736650000005,150.6449821400001,193.97403,Gaussian GEE on log(outcome) sensitivity to raw-scale model
right,mean_accel_norm_s2,continuous_positive,251,251,22,3,0,0,0,0.9567227241569036,0.3799160686604878,0.9198673170303716,0.2528470026831849,0.3282498451170255,0.6887024959608273,0.9259165595140718,1.125435168154953,2.02815924813911,2.351301114068673,Gaussian GEE on raw outcome
right,rms_accel_norm_s2,continuous_positive,251,251,22,3,0,0,0,2.584384737870768,1.263720566503588,0.9150255722123142,0.4213750892123432,0.7134904787297168,1.6372570926718466,2.2981083555347395,3.3618425444680096,5.965602827756677,6.798518425225306,Gaussian GEE on raw outcome
right,peak_accel_norm_s2,continuous_positive,251,251,22,3,0,0,0,49.28216874623861,31.32245973745265,0.6056372562793043,4.509468243660071,7.070022878773661,21.30195299030493,44.15378917259242,74.51946623115514,133.8940274018836,151.20505426108866,Gaussian GEE on raw outcome
right,sparc,continuous_signed,251,251,22,3,0,251,0,-29.63514981119204,18.974066317139275,-1.6952683997078248,-110.47517783259204,-98.4025153973071,-35.93937925311744,-23.794126548180955,-16.040595502448255,-6.990512724892998,-5.820611120006557,Gaussian GEE on raw outcome
right,log_dimensionless_jerk,continuous_signed,251,251,22,3,0,251,0,-25.32837719284341,2.648878217072496,-0.5094063188210571,-33.93062599859916,-32.03796789635948,-27.12962313629997,-24.97929492302476,-23.48007508030397,-20.15049350992185,-19.27903194790818,Gaussian GEE on raw outcome
right,velocity_peak_count,count,251,251,22,3,0,0,0,479.6454183266932,410.2532751471026,3.190252764756206,113.0,123.5,226.5,353.0,565.5,2365.5,3218.0,Negative-binomial GEE preferred; Poisson GEE as sensitivity
right,path_length_norm,continuous_positive,251,251,22,3,0,0,0,12.282762485935589,8.864187618318043,2.7924300385375864,1.0964666617773369,2.6347320260684057,6.43809116487454,9.960047528145328,15.482692148315245,36.41934413675205,72.49859655700973,Gaussian GEE on log(outcome) sensitivity to raw-scale model
right,path_efficiency,bounded_0_1,251,159,18,3,0,0,0,0.0301764808540645,0.0249375671854446,1.7023365338190866,0.001109304280735,0.0012292740999366,0.012966549000314,0.0240209873188817,0.0388090801826534,0.1204732834583274,0.13663836387682,Gaussian GEE on raw proportion with robust SE; logit-transformed sensitivity
right,stillness_fraction,bounded_0_1,251,251,22,3,0,0,0,0.3552404244613765,0.1784269246711446,0.2297359021588701,0.0183868335435247,0.0287213353099092,0.2206320397746532,0.3362799468495576,0.4951729967780972,0.7104415610142947,0.9442535349571264,Gaussian GEE on raw proportion with robust SE; logit-transformed sensitivity
right,first_sustained_hand_movement_delay_sec,continuous_nonnegative,251,251,22,3,6,0,0,7.191801919123511,14.115126307313778,4.420957415355991,0.0,0.0,0.2326149999999529,1.758199999999995,8.811183000000028,76.39584799999994,121.188733,Gaussian GEE on log1p(outcome) sensitivity to raw-scale model
