analysis_set,confirmatory,hand,outcome,model_family,transform,effect_scale,rows,participants,device_levels,experience_levels,formula,fit_status,cov_type,converged,error
main_gopro_ge60,True,left,mean_accel_norm_s2,gaussian,log,ratio_geometric_means,145,20,3,3,"_y ~ C(device, Treatment(reference=""CON"")) + C(experience_stratum, Treatment(reference=""None"")) + device_repetition_c + chronological_attempt_sequence_c",PASS,bias_reduced,True,
main_gopro_ge60,True,left,rms_accel_norm_s2,gaussian,log,ratio_geometric_means,145,20,3,3,"_y ~ C(device, Treatment(reference=""CON"")) + C(experience_stratum, Treatment(reference=""None"")) + device_repetition_c + chronological_attempt_sequence_c",PASS,bias_reduced,True,
main_gopro_ge60,True,left,peak_accel_norm_s2,gaussian,log,ratio_geometric_means,145,20,3,3,"_y ~ C(device, Treatment(reference=""CON"")) + C(experience_stratum, Treatment(reference=""None"")) + device_repetition_c + chronological_attempt_sequence_c",PASS,bias_reduced,True,
main_gopro_ge60,True,left,sparc,gaussian,identity,mean_difference,145,20,3,3,"_y ~ C(device, Treatment(reference=""CON"")) + C(experience_stratum, Treatment(reference=""None"")) + device_repetition_c + chronological_attempt_sequence_c",PASS,bias_reduced,True,
main_gopro_ge60,True,left,log_dimensionless_jerk,gaussian,identity,mean_difference,145,20,3,3,"_y ~ C(device, Treatment(reference=""CON"")) + C(experience_stratum, Treatment(reference=""None"")) + device_repetition_c + chronological_attempt_sequence_c",PASS,bias_reduced,True,
main_gopro_ge60,True,left,velocity_peak_count,negative_binomial,identity,rate_ratio,145,20,3,3,"_y ~ C(device, Treatment(reference=""CON"")) + C(experience_stratum, Treatment(reference=""None"")) + device_repetition_c + chronological_attempt_sequence_c",PASS,bias_reduced,True,
main_gopro_ge60,True,left,path_length_norm,gaussian,log,ratio_geometric_means,145,20,3,3,"_y ~ C(device, Treatment(reference=""CON"")) + C(experience_stratum, Treatment(reference=""None"")) + device_repetition_c + chronological_attempt_sequence_c",PASS,bias_reduced,True,
main_gopro_ge60,True,left,path_efficiency,gaussian,identity,mean_difference,92,15,3,3,"_y ~ C(device, Treatment(reference=""CON"")) + C(experience_stratum, Treatment(reference=""None"")) + device_repetition_c + chronological_attempt_sequence_c",PASS,bias_reduced,True,
main_gopro_ge60,True,left,stillness_fraction,gaussian,identity,mean_difference,145,20,3,3,"_y ~ C(device, Treatment(reference=""CON"")) + C(experience_stratum, Treatment(reference=""None"")) + device_repetition_c + chronological_attempt_sequence_c",PASS,bias_reduced,True,
main_gopro_ge60,True,left,first_sustained_hand_movement_delay_sec,gaussian,log1p,ratio_1plus_delay,143,20,3,3,"_y ~ C(device, Treatment(reference=""CON"")) + C(experience_stratum, Treatment(reference=""None"")) + device_repetition_c + chronological_attempt_sequence_c",PASS,bias_reduced,True,
main_gopro_ge60,True,right,mean_accel_norm_s2,gaussian,log,ratio_geometric_means,251,22,3,3,"_y ~ C(device, Treatment(reference=""CON"")) + C(experience_stratum, Treatment(reference=""None"")) + device_repetition_c + chronological_attempt_sequence_c",PASS,bias_reduced,True,
main_gopro_ge60,True,right,rms_accel_norm_s2,gaussian,log,ratio_geometric_means,251,22,3,3,"_y ~ C(device, Treatment(reference=""CON"")) + C(experience_stratum, Treatment(reference=""None"")) + device_repetition_c + chronological_attempt_sequence_c",PASS,bias_reduced,True,
main_gopro_ge60,True,right,peak_accel_norm_s2,gaussian,log,ratio_geometric_means,251,22,3,3,"_y ~ C(device, Treatment(reference=""CON"")) + C(experience_stratum, Treatment(reference=""None"")) + device_repetition_c + chronological_attempt_sequence_c",PASS,bias_reduced,True,
main_gopro_ge60,True,right,sparc,gaussian,identity,mean_difference,251,22,3,3,"_y ~ C(device, Treatment(reference=""CON"")) + C(experience_stratum, Treatment(reference=""None"")) + device_repetition_c + chronological_attempt_sequence_c",PASS,bias_reduced,True,
main_gopro_ge60,True,right,log_dimensionless_jerk,gaussian,identity,mean_difference,251,22,3,3,"_y ~ C(device, Treatment(reference=""CON"")) + C(experience_stratum, Treatment(reference=""None"")) + device_repetition_c + chronological_attempt_sequence_c",PASS,bias_reduced,True,
main_gopro_ge60,True,right,velocity_peak_count,negative_binomial,identity,rate_ratio,251,22,3,3,"_y ~ C(device, Treatment(reference=""CON"")) + C(experience_stratum, Treatment(reference=""None"")) + device_repetition_c + chronological_attempt_sequence_c",PASS,bias_reduced,True,
main_gopro_ge60,True,right,path_length_norm,gaussian,log,ratio_geometric_means,251,22,3,3,"_y ~ C(device, Treatment(reference=""CON"")) + C(experience_stratum, Treatment(reference=""None"")) + device_repetition_c + chronological_attempt_sequence_c",PASS,bias_reduced,True,
main_gopro_ge60,True,right,path_efficiency,gaussian,identity,mean_difference,159,18,3,3,"_y ~ C(device, Treatment(reference=""CON"")) + C(experience_stratum, Treatment(reference=""None"")) + device_repetition_c + chronological_attempt_sequence_c",PASS,bias_reduced,True,
main_gopro_ge60,True,right,stillness_fraction,gaussian,identity,mean_difference,251,22,3,3,"_y ~ C(device, Treatment(reference=""CON"")) + C(experience_stratum, Treatment(reference=""None"")) + device_repetition_c + chronological_attempt_sequence_c",PASS,bias_reduced,True,
main_gopro_ge60,True,right,first_sustained_hand_movement_delay_sec,gaussian,log1p,ratio_1plus_delay,251,22,3,3,"_y ~ C(device, Treatment(reference=""CON"")) + C(experience_stratum, Treatment(reference=""None"")) + device_repetition_c + chronological_attempt_sequence_c",PASS,bias_reduced,True,
highqc_gopro_ge80,False,left,mean_accel_norm_s2,gaussian,log,ratio_geometric_means,92,15,3,3,"_y ~ C(device, Treatment(reference=""CON"")) + C(experience_stratum, Treatment(reference=""None"")) + device_repetition_c + chronological_attempt_sequence_c",PASS,bias_reduced,True,
highqc_gopro_ge80,False,left,rms_accel_norm_s2,gaussian,log,ratio_geometric_means,92,15,3,3,"_y ~ C(device, Treatment(reference=""CON"")) + C(experience_stratum, Treatment(reference=""None"")) + device_repetition_c + chronological_attempt_sequence_c",PASS,bias_reduced,True,
highqc_gopro_ge80,False,left,peak_accel_norm_s2,gaussian,log,ratio_geometric_means,92,15,3,3,"_y ~ C(device, Treatment(reference=""CON"")) + C(experience_stratum, Treatment(reference=""None"")) + device_repetition_c + chronological_attempt_sequence_c",PASS,bias_reduced,True,
highqc_gopro_ge80,False,left,sparc,gaussian,identity,mean_difference,92,15,3,3,"_y ~ C(device, Treatment(reference=""CON"")) + C(experience_stratum, Treatment(reference=""None"")) + device_repetition_c + chronological_attempt_sequence_c",PASS,bias_reduced,True,
highqc_gopro_ge80,False,left,log_dimensionless_jerk,gaussian,identity,mean_difference,92,15,3,3,"_y ~ C(device, Treatment(reference=""CON"")) + C(experience_stratum, Treatment(reference=""None"")) + device_repetition_c + chronological_attempt_sequence_c",PASS,bias_reduced,True,
highqc_gopro_ge80,False,left,velocity_peak_count,negative_binomial,identity,rate_ratio,92,15,3,3,"_y ~ C(device, Treatment(reference=""CON"")) + C(experience_stratum, Treatment(reference=""None"")) + device_repetition_c + chronological_attempt_sequence_c",PASS,bias_reduced,True,
highqc_gopro_ge80,False,left,path_length_norm,gaussian,log,ratio_geometric_means,92,15,3,3,"_y ~ C(device, Treatment(reference=""CON"")) + C(experience_stratum, Treatment(reference=""None"")) + device_repetition_c + chronological_attempt_sequence_c",PASS,bias_reduced,True,
highqc_gopro_ge80,False,left,path_efficiency,gaussian,identity,mean_difference,92,15,3,3,"_y ~ C(device, Treatment(reference=""CON"")) + C(experience_stratum, Treatment(reference=""None"")) + device_repetition_c + chronological_attempt_sequence_c",PASS,bias_reduced,True,
highqc_gopro_ge80,False,left,stillness_fraction,gaussian,identity,mean_difference,92,15,3,3,"_y ~ C(device, Treatment(reference=""CON"")) + C(experience_stratum, Treatment(reference=""None"")) + device_repetition_c + chronological_attempt_sequence_c",PASS,bias_reduced,True,
highqc_gopro_ge80,False,left,first_sustained_hand_movement_delay_sec,gaussian,log1p,ratio_1plus_delay,90,15,3,3,"_y ~ C(device, Treatment(reference=""CON"")) + C(experience_stratum, Treatment(reference=""None"")) + device_repetition_c + chronological_attempt_sequence_c",PASS,bias_reduced,True,
highqc_gopro_ge80,False,right,mean_accel_norm_s2,gaussian,log,ratio_geometric_means,159,18,3,3,"_y ~ C(device, Treatment(reference=""CON"")) + C(experience_stratum, Treatment(reference=""None"")) + device_repetition_c + chronological_attempt_sequence_c",PASS,bias_reduced,True,
highqc_gopro_ge80,False,right,rms_accel_norm_s2,gaussian,log,ratio_geometric_means,159,18,3,3,"_y ~ C(device, Treatment(reference=""CON"")) + C(experience_stratum, Treatment(reference=""None"")) + device_repetition_c + chronological_attempt_sequence_c",PASS,bias_reduced,True,
highqc_gopro_ge80,False,right,peak_accel_norm_s2,gaussian,log,ratio_geometric_means,159,18,3,3,"_y ~ C(device, Treatment(reference=""CON"")) + C(experience_stratum, Treatment(reference=""None"")) + device_repetition_c + chronological_attempt_sequence_c",PASS,bias_reduced,True,
highqc_gopro_ge80,False,right,sparc,gaussian,identity,mean_difference,159,18,3,3,"_y ~ C(device, Treatment(reference=""CON"")) + C(experience_stratum, Treatment(reference=""None"")) + device_repetition_c + chronological_attempt_sequence_c",PASS,bias_reduced,True,
highqc_gopro_ge80,False,right,log_dimensionless_jerk,gaussian,identity,mean_difference,159,18,3,3,"_y ~ C(device, Treatment(reference=""CON"")) + C(experience_stratum, Treatment(reference=""None"")) + device_repetition_c + chronological_attempt_sequence_c",PASS,bias_reduced,True,
highqc_gopro_ge80,False,right,velocity_peak_count,negative_binomial,identity,rate_ratio,159,18,3,3,"_y ~ C(device, Treatment(reference=""CON"")) + C(experience_stratum, Treatment(reference=""None"")) + device_repetition_c + chronological_attempt_sequence_c",PASS,bias_reduced,True,
highqc_gopro_ge80,False,right,path_length_norm,gaussian,log,ratio_geometric_means,159,18,3,3,"_y ~ C(device, Treatment(reference=""CON"")) + C(experience_stratum, Treatment(reference=""None"")) + device_repetition_c + chronological_attempt_sequence_c",PASS,bias_reduced,True,
highqc_gopro_ge80,False,right,path_efficiency,gaussian,identity,mean_difference,159,18,3,3,"_y ~ C(device, Treatment(reference=""CON"")) + C(experience_stratum, Treatment(reference=""None"")) + device_repetition_c + chronological_attempt_sequence_c",PASS,bias_reduced,True,
highqc_gopro_ge80,False,right,stillness_fraction,gaussian,identity,mean_difference,159,18,3,3,"_y ~ C(device, Treatment(reference=""CON"")) + C(experience_stratum, Treatment(reference=""None"")) + device_repetition_c + chronological_attempt_sequence_c",PASS,bias_reduced,True,
highqc_gopro_ge80,False,right,first_sustained_hand_movement_delay_sec,gaussian,log1p,ratio_1plus_delay,159,18,3,3,"_y ~ C(device, Treatment(reference=""CON"")) + C(experience_stratum, Treatment(reference=""None"")) + device_repetition_c + chronological_attempt_sequence_c",PASS,bias_reduced,True,
recovery_allsource_ge60,False,left,mean_accel_norm_s2,gaussian,log,ratio_geometric_means,199,23,3,3,"_y ~ C(device, Treatment(reference=""CON"")) + C(experience_stratum, Treatment(reference=""None"")) + device_repetition_c + chronological_attempt_sequence_c + C(motion_source, Treatment(reference=""gopro_left""))",PASS,bias_reduced,True,
recovery_allsource_ge60,False,left,rms_accel_norm_s2,gaussian,log,ratio_geometric_means,199,23,3,3,"_y ~ C(device, Treatment(reference=""CON"")) + C(experience_stratum, Treatment(reference=""None"")) + device_repetition_c + chronological_attempt_sequence_c + C(motion_source, Treatment(reference=""gopro_left""))",PASS,bias_reduced,True,
recovery_allsource_ge60,False,left,peak_accel_norm_s2,gaussian,log,ratio_geometric_means,199,23,3,3,"_y ~ C(device, Treatment(reference=""CON"")) + C(experience_stratum, Treatment(reference=""None"")) + device_repetition_c + chronological_attempt_sequence_c + C(motion_source, Treatment(reference=""gopro_left""))",PASS,bias_reduced,True,
recovery_allsource_ge60,False,left,sparc,gaussian,identity,mean_difference,199,23,3,3,"_y ~ C(device, Treatment(reference=""CON"")) + C(experience_stratum, Treatment(reference=""None"")) + device_repetition_c + chronological_attempt_sequence_c + C(motion_source, Treatment(reference=""gopro_left""))",PASS,bias_reduced,True,
recovery_allsource_ge60,False,left,log_dimensionless_jerk,gaussian,identity,mean_difference,199,23,3,3,"_y ~ C(device, Treatment(reference=""CON"")) + C(experience_stratum, Treatment(reference=""None"")) + device_repetition_c + chronological_attempt_sequence_c + C(motion_source, Treatment(reference=""gopro_left""))",PASS,bias_reduced,True,
recovery_allsource_ge60,False,left,velocity_peak_count,negative_binomial,identity,rate_ratio,199,23,3,3,"_y ~ C(device, Treatment(reference=""CON"")) + C(experience_stratum, Treatment(reference=""None"")) + device_repetition_c + chronological_attempt_sequence_c + C(motion_source, Treatment(reference=""gopro_left""))",PASS,bias_reduced,True,
recovery_allsource_ge60,False,left,path_length_norm,gaussian,log,ratio_geometric_means,199,23,3,3,"_y ~ C(device, Treatment(reference=""CON"")) + C(experience_stratum, Treatment(reference=""None"")) + device_repetition_c + chronological_attempt_sequence_c + C(motion_source, Treatment(reference=""gopro_left""))",PASS,bias_reduced,True,
recovery_allsource_ge60,False,left,path_efficiency,gaussian,identity,mean_difference,126,19,3,3,"_y ~ C(device, Treatment(reference=""CON"")) + C(experience_stratum, Treatment(reference=""None"")) + device_repetition_c + chronological_attempt_sequence_c + C(motion_source, Treatment(reference=""gopro_left""))",PASS,bias_reduced,True,
recovery_allsource_ge60,False,left,stillness_fraction,gaussian,identity,mean_difference,199,23,3,3,"_y ~ C(device, Treatment(reference=""CON"")) + C(experience_stratum, Treatment(reference=""None"")) + device_repetition_c + chronological_attempt_sequence_c + C(motion_source, Treatment(reference=""gopro_left""))",PASS,bias_reduced,True,
recovery_allsource_ge60,False,left,first_sustained_hand_movement_delay_sec,gaussian,log1p,ratio_1plus_delay,197,23,3,3,"_y ~ C(device, Treatment(reference=""CON"")) + C(experience_stratum, Treatment(reference=""None"")) + device_repetition_c + chronological_attempt_sequence_c + C(motion_source, Treatment(reference=""gopro_left""))",PASS,bias_reduced,True,
recovery_allsource_ge60,False,right,mean_accel_norm_s2,gaussian,log,ratio_geometric_means,281,25,3,3,"_y ~ C(device, Treatment(reference=""CON"")) + C(experience_stratum, Treatment(reference=""None"")) + device_repetition_c + chronological_attempt_sequence_c + C(motion_source, Treatment(reference=""gopro_right""))",PASS,bias_reduced,True,
recovery_allsource_ge60,False,right,rms_accel_norm_s2,gaussian,log,ratio_geometric_means,281,25,3,3,"_y ~ C(device, Treatment(reference=""CON"")) + C(experience_stratum, Treatment(reference=""None"")) + device_repetition_c + chronological_attempt_sequence_c + C(motion_source, Treatment(reference=""gopro_right""))",PASS,bias_reduced,True,
recovery_allsource_ge60,False,right,peak_accel_norm_s2,gaussian,log,ratio_geometric_means,281,25,3,3,"_y ~ C(device, Treatment(reference=""CON"")) + C(experience_stratum, Treatment(reference=""None"")) + device_repetition_c + chronological_attempt_sequence_c + C(motion_source, Treatment(reference=""gopro_right""))",PASS,bias_reduced,True,
recovery_allsource_ge60,False,right,sparc,gaussian,identity,mean_difference,281,25,3,3,"_y ~ C(device, Treatment(reference=""CON"")) + C(experience_stratum, Treatment(reference=""None"")) + device_repetition_c + chronological_attempt_sequence_c + C(motion_source, Treatment(reference=""gopro_right""))",PASS,bias_reduced,True,
recovery_allsource_ge60,False,right,log_dimensionless_jerk,gaussian,identity,mean_difference,281,25,3,3,"_y ~ C(device, Treatment(reference=""CON"")) + C(experience_stratum, Treatment(reference=""None"")) + device_repetition_c + chronological_attempt_sequence_c + C(motion_source, Treatment(reference=""gopro_right""))",PASS,bias_reduced,True,
recovery_allsource_ge60,False,right,velocity_peak_count,negative_binomial,identity,rate_ratio,281,25,3,3,"_y ~ C(device, Treatment(reference=""CON"")) + C(experience_stratum, Treatment(reference=""None"")) + device_repetition_c + chronological_attempt_sequence_c + C(motion_source, Treatment(reference=""gopro_right""))",PASS,bias_reduced,True,
recovery_allsource_ge60,False,right,path_length_norm,gaussian,log,ratio_geometric_means,281,25,3,3,"_y ~ C(device, Treatment(reference=""CON"")) + C(experience_stratum, Treatment(reference=""None"")) + device_repetition_c + chronological_attempt_sequence_c + C(motion_source, Treatment(reference=""gopro_right""))",PASS,bias_reduced,True,
recovery_allsource_ge60,False,right,path_efficiency,gaussian,identity,mean_difference,177,21,3,3,"_y ~ C(device, Treatment(reference=""CON"")) + C(experience_stratum, Treatment(reference=""None"")) + device_repetition_c + chronological_attempt_sequence_c + C(motion_source, Treatment(reference=""gopro_right""))",PASS,bias_reduced,True,
recovery_allsource_ge60,False,right,stillness_fraction,gaussian,identity,mean_difference,281,25,3,3,"_y ~ C(device, Treatment(reference=""CON"")) + C(experience_stratum, Treatment(reference=""None"")) + device_repetition_c + chronological_attempt_sequence_c + C(motion_source, Treatment(reference=""gopro_right""))",PASS,bias_reduced,True,
recovery_allsource_ge60,False,right,first_sustained_hand_movement_delay_sec,gaussian,log1p,ratio_1plus_delay,281,25,3,3,"_y ~ C(device, Treatment(reference=""CON"")) + C(experience_stratum, Treatment(reference=""None"")) + device_repetition_c + chronological_attempt_sequence_c + C(motion_source, Treatment(reference=""gopro_right""))",PASS,bias_reduced,True,
