analysis_set,hand,outcome,device,rows,nonmissing_n,participants,mean,sd,median,q25,q75,min,max
main_gopro_ge60,left,mean_accel_norm_s2,ATG,48,48,17,0.6124770096455011,0.3480391994528587,0.5007456559095529,0.4253209337593874,0.6972286716240319,0.0989129620272094,1.895634893175265
main_gopro_ge60,left,mean_accel_norm_s2,CON,51,51,17,0.5888710326271513,0.3480000405927123,0.507254054741223,0.4140673586985585,0.6657571130171775,0.09165880600427,2.2284163420400467
main_gopro_ge60,left,mean_accel_norm_s2,MST,46,46,15,0.6593285021870748,0.3262778611840413,0.5710355544740477,0.4618019028474738,0.7854114212563817,0.110481588912957,1.671582583892257
main_gopro_ge60,left,rms_accel_norm_s2,ATG,48,48,17,2.039557093771163,1.714266981888296,1.337154456962435,0.9905917643617111,2.410005761382512,0.1133903405306799,7.135542367224571
main_gopro_ge60,left,rms_accel_norm_s2,CON,51,51,17,1.893655821200802,1.3496259064247254,1.345711275356111,0.8678395996711159,2.640289628591642,0.1059423825829154,6.398426766960507
main_gopro_ge60,left,rms_accel_norm_s2,MST,46,46,15,2.1153769335126973,1.507567639878511,1.6191637650029809,1.0644251318689135,2.9275450146567046,0.1490280043989077,6.080132496853187
main_gopro_ge60,left,peak_accel_norm_s2,ATG,48,48,17,35.284605528242224,33.84628279085737,20.59065617071804,11.845287719070289,41.225841833981775,0.4022759994441823,131.08447374465973
main_gopro_ge60,left,peak_accel_norm_s2,CON,51,51,17,32.15831852376259,30.579506779051,23.173241028822343,9.227179398691527,43.03970638076999,0.3736157246946258,115.83123280306243
main_gopro_ge60,left,peak_accel_norm_s2,MST,46,46,15,44.43066552276219,42.28313999229512,25.38966207511083,12.45250598026976,69.31810290781895,1.4118777919113847,155.87668276325672
main_gopro_ge60,left,sparc,ATG,48,48,17,-37.40159018779725,25.77196789585072,-32.8409322840105,-41.73467111155231,-21.18663440280393,-126.13549854952863,-4.587792595493208
main_gopro_ge60,left,sparc,CON,51,51,17,-36.14808276826104,33.35516507162273,-24.616823190491623,-44.62640023908345,-16.733004376066884,-163.05336602453104,-6.582230652509758
main_gopro_ge60,left,sparc,MST,46,46,15,-43.21028863818433,26.9109085570993,-41.00021843648197,-57.38452361461417,-24.509680953440288,-139.34369050053076,-5.854038136705795
main_gopro_ge60,left,log_dimensionless_jerk,ATG,48,48,17,-27.732039307212005,2.4482723918685863,-27.79863693593807,-28.81408747660706,-26.680638921178637,-34.07767418716407,-21.03027496523249
main_gopro_ge60,left,log_dimensionless_jerk,CON,51,51,17,-26.75816952751193,2.6197230657441386,-26.79944057699102,-28.26352212401774,-25.02160997428724,-32.15774869338823,-21.3651421427914
main_gopro_ge60,left,log_dimensionless_jerk,MST,46,46,15,-28.345954653421067,3.120602881527481,-27.885192108952268,-30.308006508964127,-26.413322530969857,-36.49877780867739,-21.491160432673816
main_gopro_ge60,left,velocity_peak_count,ATG,48,48,17,414.8958333333333,239.51575611862785,375.0,230.0,514.25,72.0,1271.0
main_gopro_ge60,left,velocity_peak_count,CON,51,51,17,406.3137254901961,399.7507968820615,303.0,227.0,447.0,74.0,2846.0
main_gopro_ge60,left,velocity_peak_count,MST,46,46,15,593.9347826086956,324.7956213562214,470.5,376.5,784.5,135.0,1639.0
main_gopro_ge60,left,path_length_norm,ATG,48,48,17,5.506865334629758,3.63090537884584,4.141727162434759,3.329487480275049,6.452249763110451,0.5670687207491311,18.724535763768458
main_gopro_ge60,left,path_length_norm,CON,51,51,17,4.844486636585195,2.705291090104626,4.3815146961657865,3.03424404399082,6.163586709270193,0.38595796511316,11.666269842528946
main_gopro_ge60,left,path_length_norm,MST,46,46,15,8.815217507310335,4.92229649891844,8.422753445113702,4.815040195634217,10.953592297703285,1.0548883467754036,23.235303630262923
main_gopro_ge60,left,path_efficiency,ATG,48,30,10,0.036393873893595,0.0482923773272856,0.0199113397897052,0.0045716122334624,0.0362125274429239,0.0005262839728867,0.1840370800873031
main_gopro_ge60,left,path_efficiency,CON,51,33,13,0.0590635302075874,0.0795431456328121,0.0243134057030283,0.0062718201455987,0.0790790732033539,0.0006393278078388,0.3326818689812743
main_gopro_ge60,left,path_efficiency,MST,46,29,9,0.026828005465378,0.0300944898510156,0.0144498289926846,0.0086422025655344,0.0347394362634129,0.001129788423543,0.1220041815165505
main_gopro_ge60,left,stillness_fraction,ATG,48,48,17,0.5991917903528768,0.1967958337463624,0.628282122550126,0.5267799516834332,0.7333979989259799,0.0547945742189503,1.0
main_gopro_ge60,left,stillness_fraction,CON,51,51,17,0.6229246145483568,0.1825370839793269,0.6025256286137955,0.5394665083325783,0.7500493485776152,0.0,1.0
main_gopro_ge60,left,stillness_fraction,MST,46,46,15,0.5136351824280311,0.1874536105249034,0.5414154317849611,0.3598055008090396,0.6202534914203783,0.1807527704963653,0.966266571362112
main_gopro_ge60,left,first_sustained_hand_movement_delay_sec,ATG,48,47,17,32.71857445002612,35.53896145856156,20.07686699999977,3.51988149999994,51.3461015,0.0073330000000169,146.534967
main_gopro_ge60,left,first_sustained_hand_movement_delay_sec,CON,51,50,17,25.034871573333334,33.399217784746526,15.072499999999993,4.28820575000006,35.096108499999985,0.018432999999959,193.97403
main_gopro_ge60,left,first_sustained_hand_movement_delay_sec,MST,46,46,15,20.7312125,28.87924201415149,13.669316999999978,0.7712999999999965,29.09640850000005,0.0012970000000223,153.62120000000004
main_gopro_ge60,right,mean_accel_norm_s2,ATG,83,83,21,0.8877103119679809,0.3868951497977252,0.8497481444910394,0.6440469360176493,1.009311660877089,0.2528470026831849,2.351301114068673
main_gopro_ge60,right,mean_accel_norm_s2,CON,84,84,19,0.8831371794546714,0.3753359952138567,0.827967449345191,0.5342999765983465,1.1179790374234404,0.3464454516210851,1.9791662824036864
main_gopro_ge60,right,mean_accel_norm_s2,MST,84,84,19,1.0984991047124766,0.3397067095733164,0.9957640586828708,0.8597683129135376,1.3393489296573136,0.5412932127949549,2.042676224755879
main_gopro_ge60,right,rms_accel_norm_s2,ATG,83,83,21,2.2236308049013678,1.131994187719045,1.8668904015877643,1.492981537770957,2.787351822000737,0.4213750892123432,6.798518425225306
main_gopro_ge60,right,rms_accel_norm_s2,CON,84,84,19,2.6131465504129965,1.4097003514136472,2.2945071390940424,1.5043735954576396,3.410888292691986,0.6721114837466892,6.786558659463202
main_gopro_ge60,right,rms_accel_norm_s2,MST,84,84,19,2.912082168619732,1.147746747175905,2.647874278692508,1.961500562821984,3.6646355548617815,1.1649221428922636,5.97237448227004
main_gopro_ge60,right,peak_accel_norm_s2,ATG,83,83,21,39.978813140861526,27.579336932128456,27.062966560260765,17.14449299860224,62.16327547276338,4.509468243660071,130.87552360310636
main_gopro_ge60,right,peak_accel_norm_s2,CON,84,84,19,50.48682460752374,36.02106197897197,41.573804990526135,17.465930679166327,78.71868485738501,5.864389381345482,151.20505426108866
main_gopro_ge60,right,peak_accel_norm_s2,MST,84,84,19,57.27011425693323,27.450685106055783,59.52062660417158,32.462266328320695,76.87880423165399,11.572231329809515,136.9125312006608
main_gopro_ge60,right,sparc,ATG,83,83,21,-29.77094923631451,18.13676861708415,-23.509334630252354,-39.335034343271815,-15.863458962246456,-91.99215117256492,-6.244690238048183
main_gopro_ge60,right,sparc,CON,84,84,19,-29.395283274585225,18.821299119285037,-23.645797331557382,-40.17191442500439,-14.082387205968054,-99.84508025519588,-5.820611120006557
main_gopro_ge60,right,sparc,MST,84,84,19,-29.74083358249927,20.12646567930959,-25.104442490795392,-30.77179868582771,-19.6048614520735,-110.47517783259204,-9.43561552171971
main_gopro_ge60,right,log_dimensionless_jerk,ATG,83,83,21,-25.41580699878912,2.778446091246173,-25.56656116692453,-27.663364887556057,-23.32371131403443,-32.14625767110724,-19.96130486365726
main_gopro_ge60,right,log_dimensionless_jerk,CON,84,84,19,-25.61980421853736,2.742176371821616,-25.153528143929226,-27.132389053072664,-23.755068473454383,-32.58280708994738,-19.27903194790818
main_gopro_ge60,right,log_dimensionless_jerk,MST,84,84,19,-24.9505611922269,2.3978861140291,-24.59249269341708,-25.944526705583968,-23.481484110023565,-33.93062599859916,-20.4240581248848
main_gopro_ge60,right,velocity_peak_count,ATG,83,83,21,426.7831325301205,292.7881131880424,333.0,202.0,570.5,113.0,1728.0
main_gopro_ge60,right,velocity_peak_count,CON,84,84,19,379.6309523809524,326.2712959309777,304.5,212.0,449.0,127.0,2625.0
main_gopro_ge60,right,velocity_peak_count,MST,84,84,19,631.8928571428571,528.6110697676459,459.0,312.75,789.0,134.0,3218.0
main_gopro_ge60,right,path_length_norm,ATG,83,83,21,9.474321247596068,5.345807278879096,8.49883154166627,5.941066876930252,11.379032222607412,2.6231603523249216,36.82899335411879
main_gopro_ge60,right,path_length_norm,CON,84,84,19,8.437809809728872,5.153565375203478,6.926555251029541,5.173028831830352,10.48949180997958,1.0964666617773369,34.23954375957365
main_gopro_ge60,right,path_length_norm,MST,84,84,19,18.902722576215883,10.708621143576767,16.947146020313316,11.321940775297218,23.196008446975185,6.5856520490684085,72.49859655700973
main_gopro_ge60,right,path_efficiency,ATG,83,47,16,0.0331298637542397,0.0220289506780928,0.0302823955073752,0.0162831131194448,0.0413858882284786,0.001109304280735,0.092521994801844
main_gopro_ge60,right,path_efficiency,CON,84,54,16,0.0376705385024326,0.0328684768192224,0.0271798692204591,0.0144555669043558,0.0521283918142901,0.0019149395023646,0.13663836387682
main_gopro_ge60,right,path_efficiency,MST,84,58,16,0.0208059962106143,0.0133387191795009,0.0199066192018231,0.011813179298737,0.0265503067077462,0.0012595501159563,0.056613604985207
main_gopro_ge60,right,stillness_fraction,ATG,83,83,21,0.3515243101634024,0.1839501946533732,0.3453086512227125,0.2067411492003765,0.4964093171189146,0.0183868335435247,0.7575928179484812
main_gopro_ge60,right,stillness_fraction,CON,84,84,19,0.4294711006646635,0.1822127590202814,0.4388132720274387,0.2560487887316243,0.5764898639721863,0.0320656935831845,0.9442535349571264
main_gopro_ge60,right,stillness_fraction,MST,84,84,19,0.2846816231001353,0.1364978835159562,0.2839160521657777,0.1883837395179173,0.3698244132131585,0.0266504015607103,0.6349428515870804
main_gopro_ge60,right,first_sustained_hand_movement_delay_sec,ATG,83,83,21,3.8518849481927697,6.263931068089231,1.3356330000001435,0.0333669999999983,4.535385000000019,0.0,32.93293299999982
main_gopro_ge60,right,first_sustained_hand_movement_delay_sec,CON,84,84,19,8.877411976190471,16.23226793166306,2.8113830000000632,0.5168757499999685,11.13189774999998,0.0,121.188733
main_gopro_ge60,right,first_sustained_hand_movement_delay_sec,MST,84,84,19,8.806347916666684,16.76876468655488,1.7212000000000105,0.2407917500000848,10.433784249999976,0.0,94.29206300000004
highqc_gopro_ge80,left,mean_accel_norm_s2,ATG,30,30,10,0.5697430821119059,0.3249397535098108,0.472570986845911,0.4246372581790287,0.6900139945533992,0.0989129620272094,1.895634893175265
highqc_gopro_ge80,left,mean_accel_norm_s2,CON,33,33,13,0.5317664739982115,0.2624468922386542,0.476629072827506,0.4146513913861619,0.6058352925597783,0.09165880600427,1.6798389151081343
highqc_gopro_ge80,left,mean_accel_norm_s2,MST,29,29,9,0.663264659279563,0.3745398480326168,0.5546206763518365,0.4117745020176747,0.7938903656952943,0.110481588912957,1.671582583892257
highqc_gopro_ge80,left,rms_accel_norm_s2,ATG,30,30,10,1.8466762952182765,1.5965890690280728,1.255731080790114,0.8557190926533499,2.272064586654479,0.1133903405306799,6.456451593062435
highqc_gopro_ge80,left,rms_accel_norm_s2,CON,33,33,13,1.6591690033850848,1.1850018684503612,1.244453588176861,0.8056841256517424,2.354095090902248,0.1059423825829154,5.044957318530691
highqc_gopro_ge80,left,rms_accel_norm_s2,MST,29,29,9,2.14565903180212,1.6504315068362556,1.6215214549493506,0.8267499837237952,3.0178962902000768,0.1490280043989077,6.080132496853187
highqc_gopro_ge80,left,peak_accel_norm_s2,ATG,30,30,10,29.985244248035198,29.51479366075984,16.71778925112492,8.53761218890887,35.488753363330254,0.4022759994441823,93.9154683131914
highqc_gopro_ge80,left,peak_accel_norm_s2,CON,33,33,13,29.163408994886986,30.15135663217224,13.115167709183028,7.577002832730503,42.7274459834708,0.3736157246946258,106.86804226273216
highqc_gopro_ge80,left,peak_accel_norm_s2,MST,29,29,9,48.15135966331369,49.237959206781774,16.327353635413136,9.981319777004831,95.40037229700611,1.4118777919113847,155.87668276325672
highqc_gopro_ge80,left,sparc,ATG,30,30,10,-38.946154912060486,28.34228815544225,-32.008626153543574,-39.99767736803246,-21.93523047590341,-126.13549854952863,-4.587792595493208
highqc_gopro_ge80,left,sparc,CON,33,33,13,-41.23586326401325,37.835847575371965,-28.532774603732765,-48.75877420860947,-18.918368879351984,-163.05336602453104,-9.488905968989524
highqc_gopro_ge80,left,sparc,MST,29,29,9,-48.53282071057156,27.854789999576457,-46.22600155836695,-58.64202966709693,-27.34491938663555,-139.34369050053076,-17.99941502657137
highqc_gopro_ge80,left,log_dimensionless_jerk,ATG,30,30,10,-28.34340877868713,2.288697077419761,-27.860545310232865,-29.520328491296283,-26.99502938285098,-34.07767418716407,-23.228283872931367
highqc_gopro_ge80,left,log_dimensionless_jerk,CON,33,33,13,-27.64935218371782,2.222030731915076,-27.973206423374663,-29.07085827913123,-25.969520075019485,-32.15774869338823,-22.67905748199764
highqc_gopro_ge80,left,log_dimensionless_jerk,MST,29,29,9,-29.12888882806806,2.969024073111078,-28.91562170883078,-31.96351225993392,-26.92458389602749,-36.49877780867739,-24.6772613912233
highqc_gopro_ge80,left,velocity_peak_count,ATG,30,30,10,413.9333333333333,174.84928156663332,393.5,258.75,554.0,135.0,747.0
highqc_gopro_ge80,left,velocity_peak_count,CON,33,33,13,474.1818181818182,475.9454048618297,347.0,255.0,518.0,123.0,2846.0
highqc_gopro_ge80,left,velocity_peak_count,MST,29,29,9,639.0,304.2966128162267,655.0,384.0,831.0,182.0,1349.0
highqc_gopro_ge80,left,path_length_norm,ATG,30,30,10,5.078486109766351,2.658144967357582,4.141727162434759,3.3969233779786823,6.215123777785823,0.5670687207491311,12.782848295272071
highqc_gopro_ge80,left,path_length_norm,CON,33,33,13,5.186753447170821,2.86224753392034,4.88810359691419,2.80226480033825,6.96455440591922,0.38595796511316,11.065752577341962
highqc_gopro_ge80,left,path_length_norm,MST,29,29,9,9.708057780648511,5.646525228252574,9.078885929944772,4.717655430409591,11.390340375999967,1.0548883467754036,23.235303630262923
highqc_gopro_ge80,left,path_efficiency,ATG,30,30,10,0.036393873893595,0.0482923773272856,0.0199113397897052,0.0045716122334624,0.0362125274429239,0.0005262839728867,0.1840370800873031
highqc_gopro_ge80,left,path_efficiency,CON,33,33,13,0.0590635302075874,0.0795431456328121,0.0243134057030283,0.0062718201455987,0.0790790732033539,0.0006393278078388,0.3326818689812743
highqc_gopro_ge80,left,path_efficiency,MST,29,29,9,0.026828005465378,0.0300944898510156,0.0144498289926846,0.0086422025655344,0.0347394362634129,0.001129788423543,0.1220041815165505
highqc_gopro_ge80,left,stillness_fraction,ATG,30,30,10,0.603926701593268,0.1897815898563224,0.6230153031277839,0.5022429756274609,0.7355251164531462,0.1643265730629273,1.0
highqc_gopro_ge80,left,stillness_fraction,CON,33,33,13,0.6292130879668224,0.1633171881355504,0.5989809317320214,0.5466647942704708,0.774406633407058,0.1750943841622805,1.0
highqc_gopro_ge80,left,stillness_fraction,MST,29,29,9,0.5199307981531982,0.1936588742657667,0.5566223775879506,0.3573223319297607,0.6209530578818816,0.1807527704963653,0.966266571362112
highqc_gopro_ge80,left,first_sustained_hand_movement_delay_sec,ATG,30,29,10,29.287221758620696,30.77805147979385,20.07686699999977,2.6712330000000293,45.97929999999997,0.0073330000000169,98.26480000000004
highqc_gopro_ge80,left,first_sustained_hand_movement_delay_sec,CON,33,32,13,29.585212177083328,39.91741159643886,15.986899999999936,2.69249724999996,38.8028334166666,0.018432999999959,193.97403
highqc_gopro_ge80,left,first_sustained_hand_movement_delay_sec,MST,29,29,9,15.428094827586204,23.879875671936723,1.4608629999999891,0.1150329999999257,23.000866,0.0012970000000223,89.77436699999998
highqc_gopro_ge80,right,mean_accel_norm_s2,ATG,47,47,16,0.7457504456436639,0.297937699809322,0.695441404715015,0.5488759412596863,0.9047628985646422,0.3011544327777339,2.0136422715223423
highqc_gopro_ge80,right,mean_accel_norm_s2,CON,54,54,16,0.7616135010407341,0.295722768308938,0.7279697140634662,0.526298860668617,0.8954984492436661,0.3464454516210851,1.6160410350026748
highqc_gopro_ge80,right,mean_accel_norm_s2,MST,58,58,16,1.0427210360303876,0.3233773466251259,0.9598772700570052,0.8314747151335643,1.163363072446142,0.5412932127949549,2.042676224755879
highqc_gopro_ge80,right,rms_accel_norm_s2,ATG,47,47,16,1.9962749159001825,1.1050278818664587,1.710546699369112,1.3581765209020502,2.3111923127713863,0.5196723157855049,6.798518425225306
highqc_gopro_ge80,right,rms_accel_norm_s2,CON,54,54,16,2.4603313430488054,1.4443911879665077,2.1357052428953827,1.441918719074324,3.339287656672529,0.6721114837466892,6.786558659463202
highqc_gopro_ge80,right,rms_accel_norm_s2,MST,58,58,16,2.7749037143241453,1.1776059707689228,2.427068843142857,1.9047489424293564,3.3465456564523577,1.4727836521228763,5.97237448227004
highqc_gopro_ge80,right,peak_accel_norm_s2,ATG,47,47,16,40.44198784660509,28.573859555530145,25.207458912344613,18.37637267125634,59.29613474852218,11.748896840106678,130.87552360310636
highqc_gopro_ge80,right,peak_accel_norm_s2,CON,54,54,16,51.66308685105913,38.83099370922594,40.79749535981844,17.191609153347933,79.79589734478301,5.864389381345482,151.20505426108866
highqc_gopro_ge80,right,peak_accel_norm_s2,MST,58,58,16,55.64135067467242,29.42175178173086,56.7382166304394,28.154830201090704,79.48802016546966,11.572231329809515,136.9125312006608
highqc_gopro_ge80,right,sparc,ATG,47,47,16,-34.16441941330399,20.238284511171557,-27.55367989986877,-49.0735481987752,-19.01559688975452,-91.99215117256492,-6.244690238048183
highqc_gopro_ge80,right,sparc,CON,54,54,16,-35.35892404426459,20.05672292746778,-32.261174863395325,-45.86894766555572,-19.74654639496034,-99.84508025519588,-5.820611120006557
highqc_gopro_ge80,right,sparc,MST,58,58,16,-32.9075212380686,22.950286849941914,-26.20315704992599,-35.35672787966275,-20.51248900437609,-110.47517783259204,-11.005040777287965
highqc_gopro_ge80,right,log_dimensionless_jerk,ATG,47,47,16,-26.72459647230681,2.186031212783328,-27.22315061054281,-27.96345697020193,-25.404468652298828,-32.14625767110724,-21.645421689159924
highqc_gopro_ge80,right,log_dimensionless_jerk,CON,54,54,16,-26.69797282285017,2.553295099514697,-26.07389154602916,-28.37463933546248,-24.73028084107218,-32.58280708994738,-22.599967654277865
highqc_gopro_ge80,right,log_dimensionless_jerk,MST,58,58,16,-25.45267491617401,2.5173484312698635,-24.87299668719342,-26.66334367370044,-23.65758155241509,-33.93062599859916,-20.4240581248848
highqc_gopro_ge80,right,velocity_peak_count,ATG,47,47,16,532.2127659574468,320.81715882836585,473.0,321.0,692.5,113.0,1728.0
highqc_gopro_ge80,right,velocity_peak_count,CON,54,54,16,449.8703703703704,385.5487657918695,344.0,228.75,515.0,127.0,2625.0
highqc_gopro_ge80,right,velocity_peak_count,MST,58,58,16,674.0344827586207,593.4246124992653,495.0,312.5,762.0,134.0,3218.0
highqc_gopro_ge80,right,path_length_norm,ATG,47,47,16,10.06729112817525,5.983964980774414,8.821954728118449,6.183508949197261,11.519951280751147,3.934808666898436,36.82899335411879
highqc_gopro_ge80,right,path_length_norm,CON,54,54,16,8.60000116789921,5.814104915402219,6.717075650641302,4.973087700084456,10.528418275372276,1.0964666617773369,34.23954375957365
highqc_gopro_ge80,right,path_length_norm,MST,58,58,16,19.16258704457137,11.722383488962882,16.694960159170357,11.543792718111623,22.22478118057222,8.684565966129545,72.49859655700973
highqc_gopro_ge80,right,path_efficiency,ATG,47,47,16,0.0331298637542397,0.0220289506780928,0.0302823955073752,0.0162831131194448,0.0413858882284786,0.001109304280735,0.092521994801844
highqc_gopro_ge80,right,path_efficiency,CON,54,54,16,0.0376705385024326,0.0328684768192224,0.0271798692204591,0.0144555669043558,0.0521283918142901,0.0019149395023646,0.13663836387682
highqc_gopro_ge80,right,path_efficiency,MST,58,58,16,0.0208059962106143,0.0133387191795009,0.0199066192018231,0.011813179298737,0.0265503067077462,0.0012595501159563,0.056613604985207
highqc_gopro_ge80,right,stillness_fraction,ATG,47,47,16,0.4038273500147568,0.1806525900855957,0.4395199041663463,0.2308580598931366,0.5477180342984684,0.0596558302771496,0.7231133624482472
highqc_gopro_ge80,right,stillness_fraction,CON,54,54,16,0.4947499567838602,0.1621212626580646,0.5314775046206912,0.4110461670973747,0.6037608631533409,0.1513823470720821,0.9442535349571264
highqc_gopro_ge80,right,stillness_fraction,MST,58,58,16,0.3022422912701795,0.1310138461185656,0.2907237332298413,0.2179462367480535,0.3828064558936222,0.0333012547298267,0.6349428515870804
highqc_gopro_ge80,right,first_sustained_hand_movement_delay_sec,ATG,47,47,16,2.6452634468085,5.698118202475612,0.5150999999999613,0.0177185000000168,2.3421515000000284,0.0,32.93293299999982
highqc_gopro_ge80,right,first_sustained_hand_movement_delay_sec,CON,54,54,16,10.005524851851847,19.095530952048755,2.763900000000092,0.8342417499999968,11.854833250000018,0.0,121.188733
highqc_gopro_ge80,right,first_sustained_hand_movement_delay_sec,MST,58,58,16,8.24107570689657,15.929913236310616,1.3978685000000723,0.0896752500000274,9.252097250000048,0.0,79.41373299999987
recovery_allsource_ge60,left,mean_accel_norm_s2,ATG,67,67,21,0.6921046903899641,0.3724678577669851,0.5589547942765206,0.4311215934753852,0.8319173970115279,0.0989129620272094,1.895634893175265
recovery_allsource_ge60,left,mean_accel_norm_s2,CON,69,69,21,0.6665925756221603,0.4183757431982798,0.5790739647398374,0.4236921347349229,0.763959153458127,0.09165880600427,2.824472362781124
recovery_allsource_ge60,left,mean_accel_norm_s2,MST,63,63,19,0.7173728187114734,0.3418080040045931,0.6468314944282064,0.482018572311244,0.8739692585997296,0.110481588912957,1.6850592943786304
recovery_allsource_ge60,left,rms_accel_norm_s2,ATG,67,67,21,2.1012593295706705,1.6101586161764974,1.422948758915782,1.0294874412896673,2.5239012903622333,0.1133903405306799,7.135542367224571
recovery_allsource_ge60,left,rms_accel_norm_s2,CON,69,69,21,2.0138527814031657,1.350502006770144,1.6002784832886705,1.044088758411162,2.766793530575625,0.1059423825829154,6.398426766960507
recovery_allsource_ge60,left,rms_accel_norm_s2,MST,63,63,19,2.2179747026533905,1.458263829249152,1.668812925612828,1.0821934979625458,3.3005663238791745,0.1490280043989077,6.080132496853187
recovery_allsource_ge60,left,peak_accel_norm_s2,ATG,67,67,21,36.68037932818673,33.68672798535833,22.256538468131552,12.499476136795693,56.1203812454372,0.4022759994441823,131.08447374465973
recovery_allsource_ge60,left,peak_accel_norm_s2,CON,69,69,21,34.34391104589896,29.68833793736287,26.156858124864463,9.420903833501606,52.01168266489989,0.3736157246946258,115.83123280306243
recovery_allsource_ge60,left,peak_accel_norm_s2,MST,63,63,19,48.24169688092276,41.45149600806516,28.30370407209886,14.131392516423375,79.26278385324835,1.4118777919113847,155.87668276325672
recovery_allsource_ge60,left,sparc,ATG,67,67,21,-32.67061402221784,23.744807886370392,-27.19739373198368,-39.23036756589133,-16.951105392492213,-126.13549854952863,-4.587792595493208
recovery_allsource_ge60,left,sparc,CON,69,69,21,-32.71123043721377,29.809494342260884,-23.249889735571404,-40.11201220865863,-15.238249185526872,-163.05336602453104,-6.582230652509758
recovery_allsource_ge60,left,sparc,MST,63,63,19,-39.12415492463184,25.761479269457077,-32.72990295405525,-52.1443386718515,-19.73014057714757,-139.34369050053076,-5.854038136705795
recovery_allsource_ge60,left,log_dimensionless_jerk,ATG,67,67,21,-26.618727942060914,2.9932142938230517,-26.83629015043202,-28.36326931438591,-24.76212651057441,-34.07767418716407,-20.71808523903613
recovery_allsource_ge60,left,log_dimensionless_jerk,CON,69,69,21,-26.145910639333582,2.6370597073003634,-25.969520075019485,-28.066414614915463,-24.28969698969322,-32.15774869338823,-20.52005524035
recovery_allsource_ge60,left,log_dimensionless_jerk,MST,63,63,19,-27.45631367129969,3.3627318106158754,-27.34690506286077,-29.52765536836823,-24.90121722121029,-36.49877780867739,-20.20237752874637
recovery_allsource_ge60,left,velocity_peak_count,ATG,67,67,21,378.2835820895522,217.5218418827524,331.0,230.0,487.0,72.0,1271.0
recovery_allsource_ge60,left,velocity_peak_count,CON,69,69,21,368.0869565217391,352.6596317368597,301.0,195.0,403.0,74.0,2846.0
recovery_allsource_ge60,left,velocity_peak_count,MST,63,63,19,586.6507936507936,307.0086243787108,518.0,394.0,693.0,126.0,1639.0
recovery_allsource_ge60,left,path_length_norm,ATG,67,67,21,6.268318690672472,3.729442854202079,4.884507329783137,3.452507679921883,8.482542393507375,0.5670687207491311,18.724535763768458
recovery_allsource_ge60,left,path_length_norm,CON,69,69,21,5.579478906241129,3.182316699740129,4.88810359691419,3.3054735164874454,7.585154144684248,0.38595796511316,16.76561279788643
recovery_allsource_ge60,left,path_length_norm,MST,63,63,19,10.990288692936252,6.589061351898064,9.360789786793214,6.311594379926213,14.1142368566416,1.0548883467754036,32.4637815317734
recovery_allsource_ge60,left,path_efficiency,ATG,67,39,13,0.0338202874547139,0.0432097744689797,0.0218469334907954,0.0063888800332571,0.035474762773885,0.0005262839728867,0.1840370800873031
recovery_allsource_ge60,left,path_efficiency,CON,69,45,17,0.0521306713105714,0.0703082150741174,0.0243134057030283,0.0102789103629227,0.0755386571692722,0.0006393278078388,0.3326818689812743
recovery_allsource_ge60,left,path_efficiency,MST,63,42,12,0.0227953879036324,0.0264585609955104,0.0138158042409234,0.0081703385104157,0.0277199353765438,0.001129788423543,0.1220041815165505
recovery_allsource_ge60,left,stillness_fraction,ATG,67,67,21,0.5290678783452172,0.2168083853165366,0.5622657424349508,0.3477563567941345,0.6821065073805983,0.0547945742189503,1.0
recovery_allsource_ge60,left,stillness_fraction,CON,69,69,21,0.5492451087448674,0.2167057509581051,0.5681294162530864,0.4201068772497494,0.6949645965881549,0.0,1.0
recovery_allsource_ge60,left,stillness_fraction,MST,63,63,19,0.4615797290491617,0.2000606957850546,0.4644641447945242,0.3243630894996497,0.6083389912356603,0.1090512540894211,0.966266571362112
recovery_allsource_ge60,left,first_sustained_hand_movement_delay_sec,ATG,67,66,21,25.177868175298247,32.54362109845589,9.141779333333377,2.080708500000128,37.43203325000009,0.0027649999999539,146.534967
recovery_allsource_ge60,left,first_sustained_hand_movement_delay_sec,CON,69,68,21,19.897392223023072,30.23889093824318,10.486401500000056,1.3750079999999656,29.05353125,0.0045769999999265,193.97403
recovery_allsource_ge60,left,first_sustained_hand_movement_delay_sec,MST,63,63,19,16.67417800420113,26.04826914071253,5.244910333333337,0.5924321666666685,22.7170495000001,0.0012970000000223,153.62120000000004
recovery_allsource_ge60,right,mean_accel_norm_s2,ATG,91,91,24,0.8694215646684204,0.37744754252761,0.8204371858282747,0.6440469360176493,1.0042717258682456,0.2528470026831849,2.351301114068673
recovery_allsource_ge60,right,mean_accel_norm_s2,CON,95,95,22,0.8577895971817335,0.3679502486583474,0.804296803212405,0.5341262142321037,1.0865156345228213,0.2570272895722474,1.9791662824036864
recovery_allsource_ge60,right,mean_accel_norm_s2,MST,95,95,22,1.0478579993698431,0.3509435496383196,0.9645773965028231,0.8030306596417921,1.219385848485119,0.4839915168593774,2.042676224755879
recovery_allsource_ge60,right,rms_accel_norm_s2,ATG,91,91,24,2.14229378893428,1.117565804814984,1.8151354648570293,1.4213022750154731,2.641280078368215,0.4213750892123432,6.798518425225306
recovery_allsource_ge60,right,rms_accel_norm_s2,CON,95,95,22,2.515190602325003,1.3921175237514094,2.2072039693604752,1.449753779421435,3.3278984921423405,0.4923186538308794,6.786558659463202
recovery_allsource_ge60,right,rms_accel_norm_s2,MST,95,95,22,2.7474142345603383,1.185480036523502,2.5010048147116146,1.8373999835750456,3.576864770905188,0.8878906855987441,5.97237448227004
recovery_allsource_ge60,right,peak_accel_norm_s2,ATG,91,91,24,37.64964422334238,27.503240897832143,25.19397734950319,15.544803384032097,58.33608711825877,4.509468243660071,130.87552360310636
recovery_allsource_ge60,right,peak_accel_norm_s2,CON,95,95,22,47.9195605442814,35.39924187962814,39.65015500575005,16.991185130717216,75.07494714203362,4.564996421083364,151.20505426108866
recovery_allsource_ge60,right,peak_accel_norm_s2,MST,95,95,22,53.81246022953766,28.40758593046991,55.39883795159581,27.91883463913685,75.2582278687365,6.118876792985676,136.9125312006608
recovery_allsource_ge60,right,sparc,ATG,91,91,24,-29.801310171833748,18.04099781358005,-23.509334630252354,-39.63998855452023,-15.863458962246456,-91.99215117256492,-6.244690238048183
recovery_allsource_ge60,right,sparc,CON,95,95,22,-29.155088750090744,18.20125934541681,-23.83716866718486,-39.73407296540466,-14.386448569702477,-99.84508025519588,-5.776796050726267
recovery_allsource_ge60,right,sparc,MST,95,95,22,-31.56151036832297,20.77555460066933,-26.090987937880904,-34.133298099672515,-20.48554441505463,-110.47517783259204,-9.43561552171971
recovery_allsource_ge60,right,log_dimensionless_jerk,ATG,91,91,24,-25.491101416455862,2.773677042224311,-25.472305419032576,-27.711394235165464,-23.368882335408856,-32.14625767110724,-19.96130486365726
recovery_allsource_ge60,right,log_dimensionless_jerk,CON,95,95,22,-25.737404219505937,2.659545655040831,-25.366352192613725,-27.243599591991327,-24.007512409060976,-32.58280708994738,-19.27903194790818
recovery_allsource_ge60,right,log_dimensionless_jerk,MST,95,95,22,-25.295859996147183,2.544935405934144,-24.89411499661397,-26.422534304376143,-23.57413011645648,-33.93062599859916,-20.4240581248848
recovery_allsource_ge60,right,velocity_peak_count,ATG,91,91,24,413.2857142857143,286.28630912715823,333.0,192.0,539.5,100.0,1728.0
recovery_allsource_ge60,right,velocity_peak_count,CON,95,95,22,362.18947368421055,312.36218389966973,287.0,204.5,420.5,81.0,2625.0
recovery_allsource_ge60,right,velocity_peak_count,MST,95,95,22,622.7473684210527,507.2377001312999,467.0,319.0,757.0,134.0,3218.0
recovery_allsource_ge60,right,path_length_norm,ATG,91,91,24,9.114305638178298,5.379500953463876,8.410687931566331,5.521233530506088,10.988821362515584,1.4133247803871505,36.82899335411879
recovery_allsource_ge60,right,path_length_norm,CON,95,95,22,8.006304731155215,5.149716685035952,6.807684903018672,4.620215765521326,10.299141051901854,1.0964666617773369,34.23954375957365
recovery_allsource_ge60,right,path_length_norm,MST,95,95,22,17.766468696479972,10.66444625439058,15.678228753291975,10.679023226542782,22.404658371128374,4.478538321137083,72.49859655700973
recovery_allsource_ge60,right,path_efficiency,ATG,91,50,17,0.0332601600218668,0.0214535697724233,0.029892576990861,0.0179472336250258,0.0424701197844364,0.001109304280735,0.092521994801844
recovery_allsource_ge60,right,path_efficiency,CON,95,61,18,0.0389849766098674,0.0345357647660918,0.0274457035550305,0.0138677802408527,0.0522987953319007,0.0019116543904127,0.13663836387682
recovery_allsource_ge60,right,path_efficiency,MST,95,66,19,0.0223024748188259,0.0189839286001935,0.0199066192018231,0.0118073990209385,0.0270075887603319,0.0011116038344038,0.1312433410801174
recovery_allsource_ge60,right,stillness_fraction,ATG,91,91,24,0.3577754683572641,0.1810363583260892,0.3504795117698506,0.2226801007210462,0.4964093171189146,0.0183868335435247,0.7575928179484812
recovery_allsource_ge60,right,stillness_fraction,CON,95,95,22,0.4330970776243145,0.1862282287152227,0.4370799575893958,0.2678428990316439,0.5778531500627094,0.0320656935831845,0.9442535349571264
recovery_allsource_ge60,right,stillness_fraction,MST,95,95,22,0.2967707666990349,0.139221754216759,0.2907892711518057,0.2014417705967324,0.380171168438566,0.0266504015607103,0.6349428515870804
recovery_allsource_ge60,right,first_sustained_hand_movement_delay_sec,ATG,91,91,24,5.218951553479853,9.603654708359214,1.3949999999999818,0.0613334999999323,5.352683500000015,0.0,57.93098166666687
recovery_allsource_ge60,right,first_sustained_hand_movement_delay_sec,CON,95,95,22,9.215447007017543,15.581254375797055,3.401032999999984,0.7574180000000865,12.84576650000001,0.0,121.188733
recovery_allsource_ge60,right,first_sustained_hand_movement_delay_sec,MST,95,95,22,9.417461877193,16.531100860651268,2.1370999999999967,0.2609349999999892,11.574900000000014,0.0,94.29206300000004
