dataset,outcome,outcome_tier,contrast,estimate_SD_units,se,z,p,ci95_low,ci95_high,expert_participants_in_primary,interpretation,q_bh
GOPRO_PRIMARY,path_length_norm,MAIN,Intermediate_vs_Novice,0.094988931716428,0.2138215093164535,0.4442440427068796,0.6568661529411552,-0.3241012265438208,0.514079089976677,3,SECONDARY_EXPLORATORY_SMALL_EXPERT_CLUSTER,0.958444401246142
GOPRO_PRIMARY,path_length_norm,MAIN,Expert_vs_Novice,-0.5343187180596982,0.2837751957822388,-1.8828943685047077,0.0597146845678498,-1.0905181017928862,0.0218806656734897,3,SECONDARY_EXPLORATORY_SMALL_EXPERT_CLUSTER,0.3763563125754682
GOPRO_PRIMARY,path_length_norm,MAIN,Expert_vs_Intermediate,-0.6293076497761263,0.3043743281576482,-2.0675450968065268,0.0386828193980605,-1.2258813329651168,-0.0327339665871357,3,SECONDARY_EXPLORATORY_SMALL_EXPERT_CLUSTER,0.3763563125754682
GOPRO_PRIMARY,path_efficiency,MAIN,Intermediate_vs_Novice,-0.0618859972267258,0.262507237089217,-0.2357496803247865,0.8136269168698691,-0.5764001819215911,0.4526281874681394,3,SECONDARY_EXPLORATORY_SMALL_EXPERT_CLUSTER,0.958444401246142
GOPRO_PRIMARY,path_efficiency,MAIN,Expert_vs_Novice,0.5372672220827654,0.3506313761449275,1.5322850681243518,0.1254521041918227,-0.1499702751612924,1.2245047193268237,3,SECONDARY_EXPLORATORY_SMALL_EXPERT_CLUSTER,0.3763563125754682
GOPRO_PRIMARY,path_efficiency,MAIN,Expert_vs_Intermediate,0.5991532193094913,0.374890396581427,1.5982090359558032,0.1099964634387066,-0.1356319579901057,1.3339383966090883,3,SECONDARY_EXPLORATORY_SMALL_EXPERT_CLUSTER,0.3763563125754682
GOPRO_PRIMARY,mean_speed_norm_s,MAIN,Intermediate_vs_Novice,0.1312950567042237,0.2450821876544925,0.5357184786081576,0.5921531306685544,-0.3490660310985817,0.6116561445070291,3,SECONDARY_EXPLORATORY_SMALL_EXPERT_CLUSTER,0.958444401246142
GOPRO_PRIMARY,mean_speed_norm_s,MAIN,Expert_vs_Novice,-0.00886827367479,0.3252963588324933,-0.0272621363073931,0.9782506564851496,-0.6464491369864769,0.6287125896368968,3,SECONDARY_EXPLORATORY_SMALL_EXPERT_CLUSTER,0.9782506564851496
GOPRO_PRIMARY,mean_speed_norm_s,MAIN,Expert_vs_Intermediate,-0.1401633303790138,0.3488929148405352,-0.4017373939596245,0.6878773013401975,-0.8239934434664629,0.5436667827084352,3,SECONDARY_EXPLORATORY_SMALL_EXPERT_CLUSTER,0.958444401246142
GOPRO_PRIMARY,log_dimensionless_jerk,MAIN,Intermediate_vs_Novice,0.1239484341786234,0.23053797207845,0.5376486704604346,0.5908196223396122,-0.3279059910951386,0.5758028594523855,3,SECONDARY_EXPLORATORY_SMALL_EXPERT_CLUSTER,0.958444401246142
GOPRO_PRIMARY,log_dimensionless_jerk,MAIN,Expert_vs_Novice,0.4789527608083686,0.3088068643282471,1.5509783496887053,0.1209068724612461,-0.1263086932749956,1.0842142148917329,3,SECONDARY_EXPLORATORY_SMALL_EXPERT_CLUSTER,0.3763563125754682
GOPRO_PRIMARY,log_dimensionless_jerk,MAIN,Expert_vs_Intermediate,0.3550043266297451,0.3296626457670856,1.0768715569933394,0.2815376515903103,-0.2911344590737426,1.0011431123332328,3,SECONDARY_EXPLORATORY_SMALL_EXPERT_CLUSTER,0.7038441289757756
GOPRO_PRIMARY,stillness_fraction_observed_tracking,MAIN,Intermediate_vs_Novice,0.0235415807335703,0.1776033048325373,0.1325514790153698,0.8945481078297325,-0.3245608967382027,0.3716440582053435,3,SECONDARY_EXPLORATORY_SMALL_EXPERT_CLUSTER,0.958444401246142
GOPRO_PRIMARY,stillness_fraction_observed_tracking,MAIN,Expert_vs_Novice,-0.0419510843726861,0.2413848669533343,-0.1737933487802129,0.8620278717531585,-0.5150654236012215,0.4311632548558492,3,SECONDARY_EXPLORATORY_SMALL_EXPERT_CLUSTER,0.958444401246142
GOPRO_PRIMARY,stillness_fraction_observed_tracking,MAIN,Expert_vs_Intermediate,-0.0654926651062565,0.2554242100250261,-0.2564074294282427,0.7976362517188115,-0.5661241167553076,0.4351387865427946,3,SECONDARY_EXPLORATORY_SMALL_EXPERT_CLUSTER,0.958444401246142
GOPRO_PRIMARY,displacement_norm,SECONDARY,Intermediate_vs_Novice,-0.0167315751686378,0.2101341814180009,-0.0796232914404118,0.9365368701366812,-0.4285945707479197,0.3951314204106439,3,SECONDARY_EXPLORATORY_SMALL_EXPERT_CLUSTER,0.9793312087174876
GOPRO_PRIMARY,displacement_norm,SECONDARY,Expert_vs_Novice,0.1360606709167518,0.2839654706156558,0.4791451250103167,0.6318353894257625,-0.4205116514899336,0.6926329933234372,3,SECONDARY_EXPLORATORY_SMALL_EXPERT_CLUSTER,0.7582024673109149
GOPRO_PRIMARY,displacement_norm,SECONDARY,Expert_vs_Intermediate,0.1527922460853896,0.3015508222533442,0.5066882091172783,0.6123736049649422,-0.4382473655311649,0.7438318577019443,3,SECONDARY_EXPLORATORY_SMALL_EXPERT_CLUSTER,0.7582024673109149
GOPRO_PRIMARY,peak_speed_norm_s,SECONDARY,Intermediate_vs_Novice,0.2307830861045705,0.1838503935305011,1.2552765412834603,0.2093783880217354,-0.1295636852152116,0.5911298574243526,3,SECONDARY_EXPLORATORY_SMALL_EXPERT_CLUSTER,0.5758104720538298
GOPRO_PRIMARY,peak_speed_norm_s,SECONDARY,Expert_vs_Novice,-0.1992692008960561,0.2491985532128487,-0.7996402801177332,0.4239192427761777,-0.6876983651932397,0.2891599634011272,3,SECONDARY_EXPLORATORY_SMALL_EXPERT_CLUSTER,0.6936860336337454
GOPRO_PRIMARY,peak_speed_norm_s,SECONDARY,Expert_vs_Intermediate,-0.4300522870006267,0.2641311578982946,-1.6281770406133644,0.1034873516011785,-0.9477493564812842,0.0876447824800308,3,SECONDARY_EXPLORATORY_SMALL_EXPERT_CLUSTER,0.4380906318965688
GOPRO_PRIMARY,velocity_peak_count,SECONDARY,Intermediate_vs_Novice,-0.0523091273730174,0.3430826245450227,-0.1524680168294356,0.8788178143585079,-0.7247510714812619,0.6201328167352269,3,SECONDARY_EXPLORATORY_SMALL_EXPERT_CLUSTER,0.9793312087174876
GOPRO_PRIMARY,velocity_peak_count,SECONDARY,Expert_vs_Novice,-0.8020409941895175,0.4490691678602009,-1.786007705697577,0.0740980104839044,-1.682216563195511,0.0781345748164762,3,SECONDARY_EXPLORATORY_SMALL_EXPERT_CLUSTER,0.4380906318965688
GOPRO_PRIMARY,velocity_peak_count,SECONDARY,Expert_vs_Intermediate,-0.7497318668165001,0.4844132823462576,-1.5477112088776157,0.1216918421934913,-1.699181900215165,0.1997181665821649,3,SECONDARY_EXPLORATORY_SMALL_EXPERT_CLUSTER,0.4380906318965688
GOPRO_PRIMARY,sparc,SECONDARY,Intermediate_vs_Novice,0.4181096252192017,0.2268620066479119,1.843012990130624,0.065327113885349,-0.0265399078107057,0.8627591582491092,3,SECONDARY_EXPLORATORY_SMALL_EXPERT_CLUSTER,0.4380906318965688
GOPRO_PRIMARY,sparc,SECONDARY,Expert_vs_Novice,0.6084589133900573,0.3051249096302789,1.9941305812341883,0.0461377859940268,0.0104140905147107,1.206503736265404,3,SECONDARY_EXPLORATORY_SMALL_EXPERT_CLUSTER,0.4380906318965688
GOPRO_PRIMARY,sparc,SECONDARY,Expert_vs_Intermediate,0.1903492881708556,0.3249636225849777,0.5857556813796272,0.5580397099527714,-0.4465794120957006,0.8272779884374118,3,SECONDARY_EXPLORATORY_SMALL_EXPERT_CLUSTER,0.7582024673109149
GOPRO_PRIMARY,stillness_episode_count,SECONDARY,Intermediate_vs_Novice,0.0080078959731484,0.3090970243824127,0.0259073861650675,0.9793312087174876,-0.5978222718163805,0.6138380637626774,3,SECONDARY_EXPLORATORY_SMALL_EXPERT_CLUSTER,0.9793312087174876
GOPRO_PRIMARY,stillness_episode_count,SECONDARY,Expert_vs_Novice,-0.4012238016950067,0.4081451843021031,-0.9830418613931916,0.3255868362563853,-1.201188362927129,0.3987407595371154,3,SECONDARY_EXPLORATORY_SMALL_EXPERT_CLUSTER,0.6317469858255103
GOPRO_PRIMARY,stillness_episode_count,SECONDARY,Expert_vs_Intermediate,-0.4092316976681552,0.4387563128503343,-0.9327083979934656,0.350970547680839,-1.2691940708548104,0.4507306755185,3,SECONDARY_EXPLORATORY_SMALL_EXPERT_CLUSTER,0.6317469858255103
GOPRO_PRIMARY,longest_stillness_sec,SECONDARY,Intermediate_vs_Novice,0.2880958229846768,0.2712307215378083,1.0621799084972663,0.2881540190526489,-0.2435163912294275,0.819708037198781,3,SECONDARY_EXPLORATORY_SMALL_EXPERT_CLUSTER,0.6317469858255103
GOPRO_PRIMARY,longest_stillness_sec,SECONDARY,Expert_vs_Novice,-0.1814496397663551,0.3599564592695991,-0.5040877447637451,0.6141997185061555,-0.8869642999347693,0.5240650204020592,3,SECONDARY_EXPLORATORY_SMALL_EXPERT_CLUSTER,0.7582024673109149
GOPRO_PRIMARY,longest_stillness_sec,SECONDARY,Expert_vs_Intermediate,-0.4695454627510319,0.3860904908256419,-1.216153917043966,0.2239262946876005,-1.22628282476929,0.2871918992672264,3,SECONDARY_EXPLORATORY_SMALL_EXPERT_CLUSTER,0.5758104720538298
SENSITIVITY_AUGMENTED,path_length_norm,MAIN,Intermediate_vs_Novice,0.121035654049267,0.2066437590548203,0.5857213138343924,0.5580628086569573,-0.2839861136981809,0.5260574217967149,3,SECONDARY_EXPLORATORY_SMALL_EXPERT_CLUSTER,0.9301046810949288
SENSITIVITY_AUGMENTED,path_length_norm,MAIN,Expert_vs_Novice,-0.5153583377600184,0.2748994741906865,-1.8747156184174267,0.0608318570623282,-1.054161307173764,0.0234446316537272,3,SECONDARY_EXPLORATORY_SMALL_EXPERT_CLUSTER,0.4154505125005172
SENSITIVITY_AUGMENTED,path_length_norm,MAIN,Expert_vs_Intermediate,-0.6363939918092854,0.2947547979049276,-2.1590623675430467,0.0308453287194199,-1.2141133957029435,-0.0586745879156271,3,SECONDARY_EXPLORATORY_SMALL_EXPERT_CLUSTER,0.4154505125005172
SENSITIVITY_AUGMENTED,path_efficiency,MAIN,Intermediate_vs_Novice,-0.078362414951008,0.2531949061501499,-0.3094944370821482,0.7569454431587526,-0.5746244310053019,0.4178996011032858,3,SECONDARY_EXPLORATORY_SMALL_EXPERT_CLUSTER,0.9344542644284176
SENSITIVITY_AUGMENTED,path_efficiency,MAIN,Expert_vs_Novice,0.5024909626066176,0.3391858603827538,1.4814619985620343,0.138483504166839,-0.1623133237435798,1.1672952489568151,3,SECONDARY_EXPLORATORY_SMALL_EXPERT_CLUSTER,0.4154505125005172
SENSITIVITY_AUGMENTED,path_efficiency,MAIN,Expert_vs_Intermediate,0.5808533775576257,0.3623383636141044,1.603068942973543,0.1089194338157526,-0.129329815126019,1.2910365702412705,3,SECONDARY_EXPLORATORY_SMALL_EXPERT_CLUSTER,0.4154505125005172
SENSITIVITY_AUGMENTED,mean_speed_norm_s,MAIN,Intermediate_vs_Novice,0.1494114145484891,0.2456532658463311,0.6082207538895646,0.5430410716424265,-0.3320689865103198,0.6308918156072982,3,SECONDARY_EXPLORATORY_SMALL_EXPERT_CLUSTER,0.9301046810949288
SENSITIVITY_AUGMENTED,mean_speed_norm_s,MAIN,Expert_vs_Novice,0.0115224354662276,0.3261825482967,0.0353251132729107,0.9718204983286454,-0.6277953591953045,0.6508402301277596,3,SECONDARY_EXPLORATORY_SMALL_EXPERT_CLUSTER,0.9718204983286454
SENSITIVITY_AUGMENTED,mean_speed_norm_s,MAIN,Expert_vs_Intermediate,-0.1378889790822615,0.3500302373945716,-0.3939344786571286,0.6936294140577991,-0.8239482443756219,0.5481702862110989,3,SECONDARY_EXPLORATORY_SMALL_EXPERT_CLUSTER,0.9344542644284176
SENSITIVITY_AUGMENTED,log_dimensionless_jerk,MAIN,Intermediate_vs_Novice,0.1480176404026011,0.249282476212209,0.593774751645987,0.5526627783205971,-0.3405760129733286,0.6366112937785308,3,SECONDARY_EXPLORATORY_SMALL_EXPERT_CLUSTER,0.9301046810949288
SENSITIVITY_AUGMENTED,log_dimensionless_jerk,MAIN,Expert_vs_Novice,0.511735222080667,0.3329548098580654,1.5369509823234373,0.1243053134066263,-0.1408562052411412,1.164326649402475,3,SECONDARY_EXPLORATORY_SMALL_EXPERT_CLUSTER,0.4154505125005172
SENSITIVITY_AUGMENTED,log_dimensionless_jerk,MAIN,Expert_vs_Intermediate,0.3637175816780659,0.3563397095814826,1.0207046026535986,0.3073944132212957,-0.33470824910164,1.0621434124577718,3,SECONDARY_EXPLORATORY_SMALL_EXPERT_CLUSTER,0.7684860330532391
SENSITIVITY_AUGMENTED,stillness_fraction_observed_tracking,MAIN,Intermediate_vs_Novice,0.0140994938588648,0.1734498548617801,0.0812885883940378,0.9352124490987064,-0.3258622216702241,0.3540612093879538,3,SECONDARY_EXPLORATORY_SMALL_EXPERT_CLUSTER,0.9718204983286454
SENSITIVITY_AUGMENTED,stillness_fraction_observed_tracking,MAIN,Expert_vs_Novice,-0.0569147309813455,0.2365472564560373,-0.2406061766855591,0.8098603625046288,-0.5205473536351789,0.4067178916724877,3,SECONDARY_EXPLORATORY_SMALL_EXPERT_CLUSTER,0.9344542644284176
SENSITIVITY_AUGMENTED,stillness_fraction_observed_tracking,MAIN,Expert_vs_Intermediate,-0.0710142248402104,0.2503326824090783,-0.2836793987776768,0.7766560838193859,-0.5616662823620039,0.419637832681583,3,SECONDARY_EXPLORATORY_SMALL_EXPERT_CLUSTER,0.9344542644284176
SENSITIVITY_AUGMENTED,displacement_norm,SECONDARY,Intermediate_vs_Novice,-0.0526437226270451,0.2184592917844405,-0.2409772649038435,0.8095727373358885,-0.4808239345245486,0.3755364892704582,3,SECONDARY_EXPLORATORY_SMALL_EXPERT_CLUSTER,0.9107693295028746
SENSITIVITY_AUGMENTED,displacement_norm,SECONDARY,Expert_vs_Novice,0.0916243721333634,0.2953299133848641,0.310244130312535,0.7563753138250053,-0.4872222581009701,0.670471002367697,3,SECONDARY_EXPLORATORY_SMALL_EXPERT_CLUSTER,0.9076503765900064
SENSITIVITY_AUGMENTED,displacement_norm,SECONDARY,Expert_vs_Intermediate,0.1442680947604086,0.3140646266528597,0.4593579872332144,0.645977112819837,-0.4712985734791964,0.7598347630000136,3,SECONDARY_EXPLORATORY_SMALL_EXPERT_CLUSTER,0.8305420021969334
SENSITIVITY_AUGMENTED,peak_speed_norm_s,SECONDARY,Intermediate_vs_Novice,0.2700671075864459,0.1885154934852902,1.4325990007156575,0.1519724674998025,-0.0994232596447229,0.6395574748176148,3,SECONDARY_EXPLORATORY_SMALL_EXPERT_CLUSTER,0.4559174024994076
SENSITIVITY_AUGMENTED,peak_speed_norm_s,SECONDARY,Expert_vs_Novice,-0.1858625796132628,0.2558510979483888,-0.7264482392440456,0.4675640278526866,-0.6873307315921049,0.3156055723655791,3,SECONDARY_EXPLORATORY_SMALL_EXPERT_CLUSTER,0.7651047728498508
SENSITIVITY_AUGMENTED,peak_speed_norm_s,SECONDARY,Expert_vs_Intermediate,-0.4559296871997088,0.2714806231884289,-1.6794188912821877,0.0930704340782953,-0.9880317086490296,0.0761723342496119,3,SECONDARY_EXPLORATORY_SMALL_EXPERT_CLUSTER,0.4271856442231485
SENSITIVITY_AUGMENTED,velocity_peak_count,SECONDARY,Intermediate_vs_Novice,-0.0474111557816659,0.3435692998810624,-0.1379959030043686,0.8902436554989112,-0.7208069835485482,0.6259846719852162,3,SECONDARY_EXPLORATORY_SMALL_EXPERT_CLUSTER,0.9426109293517884
SENSITIVITY_AUGMENTED,velocity_peak_count,SECONDARY,Expert_vs_Novice,-0.8045769073011578,0.4496754093843517,-1.789239283514969,0.0735762876335899,-1.6859407096944872,0.0767868950921715,3,SECONDARY_EXPLORATORY_SMALL_EXPERT_CLUSTER,0.4271856442231485
SENSITIVITY_AUGMENTED,velocity_peak_count,SECONDARY,Expert_vs_Intermediate,-0.7571657515194918,0.4852346782115636,-1.5604114576274484,0.1186626789508745,-1.7082257208141565,0.1938942177751729,3,SECONDARY_EXPLORATORY_SMALL_EXPERT_CLUSTER,0.4271856442231485
SENSITIVITY_AUGMENTED,sparc,SECONDARY,Intermediate_vs_Novice,0.4279637227219056,0.2603537694159198,1.6437777093913544,0.1002221273446656,-0.0823296653332973,0.9382571107771086,3,SECONDARY_EXPLORATORY_SMALL_EXPERT_CLUSTER,0.4271856442231485
SENSITIVITY_AUGMENTED,sparc,SECONDARY,Expert_vs_Novice,0.6477911178677218,0.3483060891424846,1.8598328828030457,0.0629091735090149,-0.0348888168515479,1.3304710525869916,3,SECONDARY_EXPLORATORY_SMALL_EXPERT_CLUSTER,0.4271856442231485
SENSITIVITY_AUGMENTED,sparc,SECONDARY,Expert_vs_Intermediate,0.2198273951458161,0.3724747502895776,0.5901806631856603,0.5550695345936107,-0.510223115421756,0.9498779057133884,3,SECONDARY_EXPLORATORY_SMALL_EXPERT_CLUSTER,0.7894926075837029
SENSITIVITY_AUGMENTED,stillness_episode_count,SECONDARY,Intermediate_vs_Novice,0.0165797352802838,0.311146993076527,0.0532858605392533,0.9575041458514448,-0.593268371149709,0.6264278417102768,3,SECONDARY_EXPLORATORY_SMALL_EXPERT_CLUSTER,0.9575041458514446
SENSITIVITY_AUGMENTED,stillness_episode_count,SECONDARY,Expert_vs_Novice,-0.4085090324887213,0.410910631467038,-0.9941554226286564,0.3201472065563682,-1.213893870164116,0.3968758051866732,3,SECONDARY_EXPLORATORY_SMALL_EXPERT_CLUSTER,0.6050109105481798
SENSITIVITY_AUGMENTED,stillness_episode_count,SECONDARY,Expert_vs_Intermediate,-0.4250887677690051,0.441942006877321,-0.9618654962731475,0.3361171725267665,-1.2912951012485543,0.4411175657105439,3,SECONDARY_EXPLORATORY_SMALL_EXPERT_CLUSTER,0.6050109105481798
SENSITIVITY_AUGMENTED,longest_stillness_sec,SECONDARY,Intermediate_vs_Novice,0.2663661462956903,0.2669939025628978,0.9976487992378044,0.3184496890147748,-0.2569419027275894,0.7896741953189699,3,SECONDARY_EXPLORATORY_SMALL_EXPERT_CLUSTER,0.6050109105481798
SENSITIVITY_AUGMENTED,longest_stillness_sec,SECONDARY,Expert_vs_Novice,-0.2014471110055094,0.3548021933164209,-0.5677730149369571,0.5701891054771188,-0.8968594099056943,0.4939651878946756,3,SECONDARY_EXPLORATORY_SMALL_EXPERT_CLUSTER,0.7894926075837029
SENSITIVITY_AUGMENTED,longest_stillness_sec,SECONDARY,Expert_vs_Intermediate,-0.4678132573011997,0.3806098615541425,-1.2291149141301276,0.2190287241308676,-1.213808585947319,0.2781820713449197,3,SECONDARY_EXPLORATORY_SMALL_EXPERT_CLUSTER,0.5632167191936596
