dataset,outcome,outcome_tier,effect,estimate_SD_units,se,z,p,ci95_low,ci95_high,q_bh
GOPRO_PRIMARY,path_length_norm,MAIN,RIGHT_vs_LEFT,0.9044575263623474,0.1046182061374814,8.645316716421009,5.3656260661663584e-18,0.6994058423328837,1.1095092103918112,1.3414065165415897e-17
GOPRO_PRIMARY,path_length_norm,MAIN,ROUND_LINEAR_PER_REPETITION,-0.0940052387711936,0.0278878006939645,-3.370837299175705,0.000749401029503,-0.1486653281313641,-0.0393451494110232,0.0027881329726184
GOPRO_PRIMARY,path_efficiency,MAIN,RIGHT_vs_LEFT,0.0023913157205497,0.1461371598717877,0.0163635020869965,0.9869443969639048,-0.2840375176281541,0.2888201490692536,0.9869443969639048
GOPRO_PRIMARY,path_efficiency,MAIN,ROUND_LINEAR_PER_REPETITION,0.0679095751592173,0.0396799726877456,1.7114320035857724,0.0870013934685744,-0.0098631713087642,0.1456823216271988,0.108751741835718
GOPRO_PRIMARY,mean_speed_norm_s,MAIN,RIGHT_vs_LEFT,1.0679578488742132,0.120171689005899,8.886933833656848,6.281839344898454e-19,0.832421338422651,1.3034943593257755,3.1409196724492264e-18
GOPRO_PRIMARY,mean_speed_norm_s,MAIN,ROUND_LINEAR_PER_REPETITION,0.0848912465647618,0.0320423440924674,2.649345700794664,0.0080647789495281,0.0220882521435257,0.147694240985998,0.0134412982492135
GOPRO_PRIMARY,log_dimensionless_jerk,MAIN,RIGHT_vs_LEFT,0.628185768598446,0.1354675260850846,4.63716867615855,3.532141587661543e-06,0.3626694174716801,0.893702119725212,4.415176984576929e-06
GOPRO_PRIMARY,log_dimensionless_jerk,MAIN,ROUND_LINEAR_PER_REPETITION,0.121046961795474,0.0371342481815082,3.2597121989331588,0.0011152531890473,0.0482638353597178,0.1938300882312303,0.0027881329726184
GOPRO_PRIMARY,stillness_fraction_observed_tracking,MAIN,RIGHT_vs_LEFT,-0.6849223409775118,0.133398484797307,-5.1344087005052605,2.830324469637743e-07,-0.9463833711802336,-0.4234613107747901,4.717207449396238e-07
GOPRO_PRIMARY,stillness_fraction_observed_tracking,MAIN,ROUND_LINEAR_PER_REPETITION,-0.029009346163055,0.0389443105713233,-0.7448930469555203,0.4563363787922,-0.1053401948828487,0.0473215025567385,0.4563363787922
GOPRO_PRIMARY,displacement_norm,SECONDARY,RIGHT_vs_LEFT,0.3737060880106572,0.1443685402995829,2.5885562549511816,0.0096379203175376,0.0907437490234746,0.6566684269978398,0.0192758406350753
GOPRO_PRIMARY,displacement_norm,SECONDARY,ROUND_LINEAR_PER_REPETITION,0.0028006400890218,0.0410078338703178,0.0682952456810703,0.9455506086913512,-0.0775747142968011,0.0831759944748449,0.9455506086913512
GOPRO_PRIMARY,peak_speed_norm_s,SECONDARY,RIGHT_vs_LEFT,0.8067588290193034,0.132603088502404,6.084012356957112,1.1721156486743415e-09,0.5468567755545917,1.0666608824840151,3.516346946023024e-09
GOPRO_PRIMARY,peak_speed_norm_s,SECONDARY,ROUND_LINEAR_PER_REPETITION,-0.012841745267688,0.0382036240822232,-0.3361394521119136,0.736765709051729,-0.0877208484688457,0.0620373579334696,0.8841188508620748
GOPRO_PRIMARY,velocity_peak_count,SECONDARY,RIGHT_vs_LEFT,-0.1153844964839071,0.1192474101965256,-0.9676058900880768,0.3332412345028372,-0.3491094204690974,0.118340427501283,0.3998894814034047
GOPRO_PRIMARY,velocity_peak_count,SECONDARY,ROUND_LINEAR_PER_REPETITION,-0.1858376641864485,0.030860272051419,-6.021906218999231,1.7237476746975539e-09,-0.2463237974072299,-0.1253515309656672,1.0342486048185322e-08
GOPRO_PRIMARY,sparc,SECONDARY,RIGHT_vs_LEFT,0.243671120066575,0.1436366527740868,1.6964410918835842,0.0898023772931875,-0.037856719370635,0.5251989595037851,0.1347035659397813
GOPRO_PRIMARY,sparc,SECONDARY,ROUND_LINEAR_PER_REPETITION,0.1074524209317023,0.0399809464395861,2.6875907275999578,0.0071969547790692,0.0290897659101134,0.1858150759532912,0.0143939095581384
GOPRO_PRIMARY,stillness_episode_count,SECONDARY,RIGHT_vs_LEFT,-0.037542259714651,0.1352218912564371,-0.2776344818566046,0.7812929596459823,-0.3025771665772678,0.2274926471479657,0.7812929596459823
GOPRO_PRIMARY,stillness_episode_count,SECONDARY,ROUND_LINEAR_PER_REPETITION,-0.1712049248175676,0.0356094042228716,-4.807857040966832,1.52556793749327e-06,-0.2409993570943961,-0.1014104925407391,4.57670381247981e-06
GOPRO_PRIMARY,longest_stillness_sec,SECONDARY,RIGHT_vs_LEFT,-0.8718254342021372,0.1326303923628013,-6.573345812152303,4.9197016153615225e-11,-1.1317810032332278,-0.6118698651710466,2.9518209692169135e-10
GOPRO_PRIMARY,longest_stillness_sec,SECONDARY,ROUND_LINEAR_PER_REPETITION,-0.0617630640772396,0.0353524194135052,-1.7470675303666778,0.0806256248382425,-0.13105380612771,0.0075276779732306,0.1209384372573638
SENSITIVITY_AUGMENTED,path_length_norm,MAIN,RIGHT_vs_LEFT,0.8735485427209091,0.1030161365856161,8.479725329195466,2.2572618830878916e-17,0.6716369150131014,1.0754601704287168,5.643154707719728e-17
SENSITIVITY_AUGMENTED,path_length_norm,MAIN,ROUND_LINEAR_PER_REPETITION,-0.0871749514935452,0.0275797104110908,-3.1608363610115706,0.00157316851434,-0.1412311838992832,-0.0331187190878072,0.0039329212858501
SENSITIVITY_AUGMENTED,path_efficiency,MAIN,RIGHT_vs_LEFT,0.0294334041773192,0.1448400403503272,0.2032131730019417,0.8389684170797339,-0.2544530749093222,0.3133198832639607,0.838968417079734
SENSITIVITY_AUGMENTED,path_efficiency,MAIN,ROUND_LINEAR_PER_REPETITION,0.0645456276281411,0.0395236925332333,1.6330869787499782,0.1024507047937654,-0.0129208097369962,0.1420120649932784,0.1280633809922068
SENSITIVITY_AUGMENTED,mean_speed_norm_s,MAIN,RIGHT_vs_LEFT,1.0335971021647972,0.1179113735660969,8.765881279344095,1.853212292932771e-18,0.8024908099752472,1.264703394354347,9.266061464663854e-18
SENSITIVITY_AUGMENTED,mean_speed_norm_s,MAIN,ROUND_LINEAR_PER_REPETITION,0.0875860192061723,0.0314240054258846,2.7872328183225723,0.0053160271060622,0.0259949685714383,0.1491770698409063,0.0088600451767704
SENSITIVITY_AUGMENTED,log_dimensionless_jerk,MAIN,RIGHT_vs_LEFT,0.623495810318842,0.1342932260936353,4.642794193387776,3.4372869762179893e-06,0.3602810871753167,0.8867105334623673,4.296608720272487e-06
SENSITIVITY_AUGMENTED,log_dimensionless_jerk,MAIN,ROUND_LINEAR_PER_REPETITION,0.1222742635387186,0.036337442426202,3.3649661444127856,0.0007655305169416,0.0510528763833626,0.1934956506940746,0.0038276525847081
SENSITIVITY_AUGMENTED,stillness_fraction_observed_tracking,MAIN,RIGHT_vs_LEFT,-0.6685417578074982,0.1302924942822127,-5.131084192458861,2.880780114729384e-07,-0.9239150466006352,-0.4131684690143613,4.801300191215641e-07
SENSITIVITY_AUGMENTED,stillness_fraction_observed_tracking,MAIN,ROUND_LINEAR_PER_REPETITION,-0.0321870315058137,0.0380214451428522,-0.8465493982378173,0.397246328847495,-0.1067090639858042,0.0423350009741766,0.397246328847495
SENSITIVITY_AUGMENTED,displacement_norm,SECONDARY,RIGHT_vs_LEFT,0.4054092504078487,0.1450269102982865,2.79540707013627,0.0051834401754851,0.1211565062232071,0.6896619945924902,0.0103668803509702
SENSITIVITY_AUGMENTED,displacement_norm,SECONDARY,ROUND_LINEAR_PER_REPETITION,-0.0142348650542166,0.0408535674828378,-0.3484362794068504,0.7275125604857033,-0.0943078573205787,0.0658381272121454,0.873015072582844
SENSITIVITY_AUGMENTED,peak_speed_norm_s,SECONDARY,RIGHT_vs_LEFT,0.7906629148523817,0.1327424146348738,5.956369838737738,2.579023371857615e-09,0.5304877821680289,1.0508380475367345,7.737070115572846e-09
SENSITIVITY_AUGMENTED,peak_speed_norm_s,SECONDARY,ROUND_LINEAR_PER_REPETITION,-0.0028098999230029,0.0379772615650833,-0.0739890083487861,0.9410191313549467,-0.0772453325905662,0.0716255327445603,0.9410191313549467
SENSITIVITY_AUGMENTED,velocity_peak_count,SECONDARY,RIGHT_vs_LEFT,-0.1133049468239462,0.1160659691453654,-0.9762116118811612,0.3289596100908254,-0.3407942463488624,0.1141843527009699,0.3947515321089905
SENSITIVITY_AUGMENTED,velocity_peak_count,SECONDARY,ROUND_LINEAR_PER_REPETITION,-0.1825249012836661,0.0300672036018788,-6.0705645826092125,1.2746134423694024e-09,-0.2414566203433487,-0.1235931822239835,7.647680654216416e-09
SENSITIVITY_AUGMENTED,sparc,SECONDARY,RIGHT_vs_LEFT,0.2468489249704547,0.1445457626104801,1.7077562186008848,0.087681585874214,-0.0364607697460863,0.5301586196869958,0.131522378811321
SENSITIVITY_AUGMENTED,sparc,SECONDARY,ROUND_LINEAR_PER_REPETITION,0.1025220589488755,0.039294300487018,2.6090821742137025,0.0090785438479745,0.0255052299943202,0.1795388879034308,0.018157087695949
SENSITIVITY_AUGMENTED,stillness_episode_count,SECONDARY,RIGHT_vs_LEFT,-0.030356944985034,0.1328026330560451,-0.2285869209552709,0.8191899910106926,-0.2906501057748826,0.2299362158048145,0.8191899910106925
SENSITIVITY_AUGMENTED,stillness_episode_count,SECONDARY,ROUND_LINEAR_PER_REPETITION,-0.1642601781940891,0.0349727557825544,-4.696803969792611,2.642638488872558e-06,-0.2328067795278958,-0.0957135768602824,7.927915466617674e-06
SENSITIVITY_AUGMENTED,longest_stillness_sec,SECONDARY,RIGHT_vs_LEFT,-0.8478149830829078,0.1302594709864409,-6.508662876200065,7.582266900638639e-11,-1.1031235462163322,-0.5925064199494835,4.5493601403831834e-10
SENSITIVITY_AUGMENTED,longest_stillness_sec,SECONDARY,ROUND_LINEAR_PER_REPETITION,-0.0699063305179611,0.0347812935350814,-2.009882997808909,0.044443573646258,-0.1380776658467207,-0.0017349951892014,0.0666653604693871
