dataset,outcome,outcome_tier,contrast,estimate_SD_units,se,z,p,ci95_low,ci95_high,reference_model,q_bh
GOPRO_PRIMARY,path_length_norm,MAIN,ATG_vs_MST,-0.8871096242019556,0.1002594385920672,-8.84814075023302,8.898937502359622e-19,-1.0836181238424074,-0.6906011245615037,device + expertise + hand + round + (1|participant),6.6742031267697175e-18
GOPRO_PRIMARY,path_length_norm,MAIN,CON_vs_MST,-1.055475802610833,0.0962484058675418,-10.966163990948491,5.558070476243976e-28,-1.2441226781112151,-0.866828927110451,device + expertise + hand + round + (1|participant),8.337105714365964e-27
GOPRO_PRIMARY,path_length_norm,MAIN,ATG_vs_CON,0.1683661784088774,0.0986286397684548,1.7070718890997756,0.0878086912963249,-0.024945955537294,0.361678312355049,device + expertise + hand + round + (1|participant),0.1519765269721201
GOPRO_PRIMARY,path_efficiency,MAIN,ATG_vs_MST,0.2404582478431716,0.1423524862978499,1.6891749072794628,0.091185916183272,-0.0385526253006141,0.5194691209869574,device + expertise + hand + round + (1|participant),0.1519765269721201
GOPRO_PRIMARY,path_efficiency,MAIN,CON_vs_MST,0.3779567121744672,0.1367951571052182,2.762939274844033,0.0057283422757734,0.1098382042482395,0.646075220100695,device + expertise + hand + round + (1|participant),0.0143208556894335
GOPRO_PRIMARY,path_efficiency,MAIN,ATG_vs_CON,-0.1374984643312956,0.1403255423965645,-0.9798534321194392,0.3271584725392007,-0.412536527428562,0.1375395987659708,device + expertise + hand + round + (1|participant),0.4089480906740009
GOPRO_PRIMARY,mean_speed_norm_s,MAIN,ATG_vs_MST,-0.6137627155808837,0.1151917733308264,-5.328181846963847,9.920077821786328e-08,-0.8395385913093035,-0.3879868398524638,device + expertise + hand + round + (1|participant),3.720029183169873e-07
GOPRO_PRIMARY,mean_speed_norm_s,MAIN,CON_vs_MST,-0.6232444894319163,0.1105850122162945,-5.635885704049162,1.7416086680315052e-08,-0.8399911133758536,-0.406497865487979,device + expertise + hand + round + (1|participant),8.708043340157524e-08
GOPRO_PRIMARY,mean_speed_norm_s,MAIN,ATG_vs_CON,0.0094817738510326,0.1133215801953899,0.0836713875211068,0.9333177068010364,-0.2126285233319316,0.2315920710339969,device + expertise + hand + round + (1|participant),0.9333177068010364
GOPRO_PRIMARY,log_dimensionless_jerk,MAIN,ATG_vs_MST,-0.2098580635651335,0.1330845873447262,-1.5768772909934528,0.1148237627398175,-0.470703854760797,0.0509877276305299,device + expertise + hand + round + (1|participant),0.1722356441097264
GOPRO_PRIMARY,log_dimensionless_jerk,MAIN,CON_vs_MST,-0.0986106399016652,0.1279517652499248,-0.7706860449252235,0.4408930455330941,-0.3493960997915178,0.1521748199881874,device + expertise + hand + round + (1|participant),0.4723854059283151
GOPRO_PRIMARY,log_dimensionless_jerk,MAIN,ATG_vs_CON,-0.1112474236634683,0.1313206344674777,-0.8471435133906494,0.3969151338414954,-0.3686358672197247,0.1461410198927881,device + expertise + hand + round + (1|participant),0.4579790005863409
GOPRO_PRIMARY,stillness_fraction_observed_tracking,MAIN,ATG_vs_MST,0.3403958247939518,0.1387851305150071,2.452682240026746,0.0141795534002221,0.0683769689845379,0.6124146806033658,device + expertise + hand + round + (1|participant),0.0303847572861903
GOPRO_PRIMARY,stillness_fraction_observed_tracking,MAIN,CON_vs_MST,0.5280077021802656,0.1338058098980757,3.946074558215868,7.944288523140125e-05,0.2657483147800371,0.7902670895804941,device + expertise + hand + round + (1|participant),0.0002383286556942
GOPRO_PRIMARY,stillness_fraction_observed_tracking,MAIN,ATG_vs_CON,-0.1876118773863137,0.1377286111804453,-1.362185211760495,0.1731394416248508,-0.4575599552999865,0.082336200527359,device + expertise + hand + round + (1|participant),0.236099238579342
GOPRO_PRIMARY,displacement_norm,SECONDARY,ATG_vs_MST,-0.2929102520420626,0.1464683066551747,-1.99982002066598,0.0455197019108768,-0.5799881330862052,-0.0058323709979201,device + expertise + hand + round + (1|participant),0.1170506620565403
GOPRO_PRIMARY,displacement_norm,SECONDARY,CON_vs_MST,-0.3423368824330903,0.1410546458128939,-2.4269805539563243,0.015225071897271,-0.6188039882263624,-0.0658697766398183,device + expertise + hand + round + (1|participant),0.0573493536131458
GOPRO_PRIMARY,displacement_norm,SECONDARY,ATG_vs_CON,0.0494266303910276,0.1450188659380514,0.3408289678126537,0.7332323415918791,-0.2348103468475531,0.3336636076296085,device + expertise + hand + round + (1|participant),0.8773641599108425
GOPRO_PRIMARY,peak_speed_norm_s,SECONDARY,ATG_vs_MST,-0.3285249726633312,0.1362887579529663,-2.4105067622430463,0.0159303760036516,-0.5956509382511452,-0.0613990070755171,device + expertise + hand + round + (1|participant),0.0573493536131458
GOPRO_PRIMARY,peak_speed_norm_s,SECONDARY,CON_vs_MST,-0.3074940691422125,0.1313298782734227,-2.341386995745356,0.0192122410430037,-0.5649006305581211,-0.0500875077263039,device + expertise + hand + round + (1|participant),0.0576367231290112
GOPRO_PRIMARY,peak_speed_norm_s,SECONDARY,ATG_vs_CON,-0.0210309035211186,0.1351050701204198,-0.1556633182039259,0.8762984124703588,-0.2858368409571415,0.2437750339149042,device + expertise + hand + round + (1|participant),0.8773641599108425
GOPRO_PRIMARY,velocity_peak_count,SECONDARY,ATG_vs_MST,-0.4352414376463744,0.111372749555223,-3.907970660548022,9.307460542988867e-05,-0.6535320267746115,-0.2169508485181372,device + expertise + hand + round + (1|participant),0.0008376714488689
GOPRO_PRIMARY,velocity_peak_count,SECONDARY,CON_vs_MST,-0.6296345787224115,0.1067265464632182,-5.899512348030541,3.645774913884291e-09,-0.8388186097903193,-0.4204505476545036,device + expertise + hand + round + (1|participant),6.562394844991725e-08
GOPRO_PRIMARY,velocity_peak_count,SECONDARY,ATG_vs_CON,0.194393141076037,0.1091585948830361,1.780832203678786,0.0749398667847098,-0.0195577048947137,0.4083439870467878,device + expertise + hand + round + (1|participant),0.1686147002655971
GOPRO_PRIMARY,sparc,SECONDARY,ATG_vs_MST,0.0958015394923039,0.1430669971008654,0.6696271078141225,0.5030955290585211,-0.1846097748253923,0.3762128538100002,device + expertise + hand + round + (1|participant),0.6965938094656446
GOPRO_PRIMARY,sparc,SECONDARY,CON_vs_MST,0.0212413222004933,0.1376522642947409,0.1543114623600482,0.8773641599108425,-0.248557115817199,0.2910397602181857,device + expertise + hand + round + (1|participant),0.8773641599108425
GOPRO_PRIMARY,sparc,SECONDARY,ATG_vs_CON,0.0745602172918106,0.1413860262606389,0.5273520959869271,0.5979491031770549,-0.2025563941790416,0.3516768287626629,device + expertise + hand + round + (1|participant),0.7687917040847848
GOPRO_PRIMARY,stillness_episode_count,SECONDARY,ATG_vs_MST,-0.2151292726467419,0.1282128073861494,-1.677907823972833,0.0933650949164333,-0.4664263751235948,0.0361678298301109,device + expertise + hand + round + (1|participant),0.1867301898328667
GOPRO_PRIMARY,stillness_episode_count,SECONDARY,CON_vs_MST,-0.3788511863599499,0.1229962763653497,-3.080184193825556,0.0020687261370842,-0.6199238880360354,-0.1377784846838645,device + expertise + hand + round + (1|participant),0.0124123568225056
GOPRO_PRIMARY,stillness_episode_count,SECONDARY,ATG_vs_CON,0.163721913713208,0.1259438282281169,1.2999597996708916,0.1936147476788474,-0.0831279896139011,0.4105718170403172,device + expertise + hand + round + (1|participant),0.2904221215182712
GOPRO_PRIMARY,longest_stillness_sec,SECONDARY,ATG_vs_MST,-0.1846607567798815,0.1270965778106719,-1.4529168287674858,0.146246847848961,-0.4337700492887986,0.0644485357290355,device + expertise + hand + round + (1|participant),0.2632443261281299
GOPRO_PRIMARY,longest_stillness_sec,SECONDARY,CON_vs_MST,-0.0191727183016765,0.1220113912476465,-0.1571387565179196,0.8751354937021805,-0.2583150451470639,0.2199696085437107,device + expertise + hand + round + (1|participant),0.8773641599108425
GOPRO_PRIMARY,longest_stillness_sec,SECONDARY,ATG_vs_CON,-0.1654880384782049,0.1250282164883537,-1.3236055278259535,0.1856340883507441,-0.4105433427953782,0.0795672658389682,device + expertise + hand + round + (1|participant),0.2904221215182712
SENSITIVITY_AUGMENTED,path_length_norm,MAIN,ATG_vs_MST,-0.8836651030541892,0.0993043222280348,-8.898556308808077,5.657778338688397e-19,-1.0783015746211375,-0.689028631487241,device + expertise + hand + round + (1|participant),4.2433337540162986e-18
SENSITIVITY_AUGMENTED,path_length_norm,MAIN,CON_vs_MST,-1.0748651204477804,0.0962920151058199,-11.162557136918975,6.21769861254721e-29,-1.2635974700551875,-0.8861327708403732,device + expertise + hand + round + (1|participant),9.326547918820814e-28
SENSITIVITY_AUGMENTED,path_length_norm,MAIN,ATG_vs_CON,0.1912000173935911,0.0978157395417738,1.9546958218512052,0.0506189835462518,-0.0005188321082856,0.3829188668954679,device + expertise + hand + round + (1|participant),0.0949105941492222
SENSITIVITY_AUGMENTED,path_efficiency,MAIN,ATG_vs_MST,0.254308690949809,0.1420675561441839,1.7900546602752283,0.0734451246295531,-0.0241437190927913,0.5327611009924096,device + expertise + hand + round + (1|participant),0.1224085410492552
SENSITIVITY_AUGMENTED,path_efficiency,MAIN,CON_vs_MST,0.4039312153356719,0.136962552344538,2.949209170106273,0.0031858826976057,0.1354846127403774,0.6723778179309665,device + expertise + hand + round + (1|participant),0.0079647067440143
SENSITIVITY_AUGMENTED,path_efficiency,MAIN,ATG_vs_CON,-0.1496225243858628,0.1398492385532294,-1.069884440800252,0.2846713274197439,-0.4237270319501925,0.1244819831784667,device + expertise + hand + round + (1|participant),0.3558391592746798
SENSITIVITY_AUGMENTED,mean_speed_norm_s,MAIN,ATG_vs_MST,-0.6163919309338834,0.1132029768999198,-5.445015209086077,5.18009593547814e-08,-0.8382697656577264,-0.3945140962100405,device + expertise + hand + round + (1|participant),1.9425359758043026e-07
SENSITIVITY_AUGMENTED,mean_speed_norm_s,MAIN,CON_vs_MST,-0.63889932020971,0.1097385135592394,-5.8220154391358445,5.814217677518634e-09,-0.8539868067858192,-0.4238118336336007,device + expertise + hand + round + (1|participant),2.907108838759317e-08
SENSITIVITY_AUGMENTED,mean_speed_norm_s,MAIN,ATG_vs_CON,0.0225073892758265,0.1114554792152109,0.2019406262869022,0.8399631411093277,-0.1959453499859869,0.2409601285376399,device + expertise + hand + round + (1|participant),0.8399631411093277
SENSITIVITY_AUGMENTED,log_dimensionless_jerk,MAIN,ATG_vs_MST,-0.2114091413050041,0.1306912683729006,-1.6176225384988363,0.1057439687990333,-0.4675640273158893,0.0447457447058809,device + expertise + hand + round + (1|participant),0.1586159531985499
SENSITIVITY_AUGMENTED,log_dimensionless_jerk,MAIN,CON_vs_MST,-0.1190308732990397,0.1268066820171974,-0.9386798188040028,0.347895157993031,-0.3675719700527466,0.1295102234546672,device + expertise + hand + round + (1|participant),0.4014174899919588
SENSITIVITY_AUGMENTED,log_dimensionless_jerk,MAIN,ATG_vs_CON,-0.0923782680059644,0.1288626904933723,-0.7168736556118674,0.4734520586070825,-0.3449491413729741,0.1601926053610453,device + expertise + hand + round + (1|participant),0.5072700627933027
SENSITIVITY_AUGMENTED,stillness_fraction_observed_tracking,MAIN,ATG_vs_MST,0.3548851826145574,0.1358878678790166,2.611603141279088,0.0090118799428119,0.0885449615716849,0.62122540365743,device + expertise + hand + round + (1|participant),0.0193111713060256
SENSITIVITY_AUGMENTED,stillness_fraction_observed_tracking,MAIN,CON_vs_MST,0.5390731059985714,0.1323466398829195,4.073190724565901,4.6373418464331984e-05,0.2796736918280491,0.7984725201690936,device + expertise + hand + round + (1|participant),0.0001391202553929
SENSITIVITY_AUGMENTED,stillness_fraction_observed_tracking,MAIN,ATG_vs_CON,-0.1841879233840139,0.1347494205250427,-1.366892137022461,0.1716591169622544,-0.4482967876130977,0.0799209408450698,device + expertise + hand + round + (1|participant),0.2340806140394378
SENSITIVITY_AUGMENTED,displacement_norm,SECONDARY,ATG_vs_MST,-0.2250074549127808,0.1463948274541267,-1.5369904717657292,0.1242956426892548,-0.5119413167228692,0.0619264068973076,device + expertise + hand + round + (1|participant),0.2485912853785096
SENSITIVITY_AUGMENTED,displacement_norm,SECONDARY,CON_vs_MST,-0.3109548663604459,0.1423493148574364,-2.1844493362814488,0.0289292462789755,-0.5899595234810213,-0.0319502092398705,device + expertise + hand + round + (1|participant),0.1041452866043121
SENSITIVITY_AUGMENTED,displacement_norm,SECONDARY,ATG_vs_CON,0.0859474114476651,0.1448270501636103,0.5934486088791477,0.5528809661842589,-0.1979136068730111,0.3698084297683413,device + expertise + hand + round + (1|participant),0.7347817511057667
SENSITIVITY_AUGMENTED,peak_speed_norm_s,SECONDARY,ATG_vs_MST,-0.2847654958882586,0.1359226494352816,-2.095055511876608,0.0361660580610694,-0.5511738887814106,-0.0183571029951066,device + expertise + hand + round + (1|participant),0.1084981741832082
SENSITIVITY_AUGMENTED,peak_speed_norm_s,SECONDARY,CON_vs_MST,-0.331307380867938,0.1322642118235531,-2.504890599657586,0.0122489273726516,-0.5905452360421022,-0.0720695256937738,device + expertise + hand + round + (1|participant),0.0551201731769324
SENSITIVITY_AUGMENTED,peak_speed_norm_s,SECONDARY,ATG_vs_CON,0.0465418849796793,0.1346137975066533,0.3457437932941382,0.7295352692939898,-0.2173011581333611,0.3103849280927198,device + expertise + hand + round + (1|participant),0.8207271779557386
SENSITIVITY_AUGMENTED,velocity_peak_count,SECONDARY,ATG_vs_MST,-0.4285436163263901,0.1086889327618599,-3.9428450113254807,8.052069458214563e-05,-0.6415739245396357,-0.2155133081131446,device + expertise + hand + round + (1|participant),0.0007246862512393
SENSITIVITY_AUGMENTED,velocity_peak_count,SECONDARY,CON_vs_MST,-0.6290409383176083,0.1051675960924657,-5.981318977420966,2.213379477780146e-09,-0.8351694266588412,-0.4229124499763755,device + expertise + hand + round + (1|participant),3.9840830600042644e-08
SENSITIVITY_AUGMENTED,velocity_peak_count,SECONDARY,ATG_vs_CON,0.2004973219912181,0.1066793040817353,1.8794397256060236,0.0601844763375726,-0.008594114008983,0.4095887579914194,device + expertise + hand + round + (1|participant),0.1547600820109011
SENSITIVITY_AUGMENTED,sparc,SECONDARY,ATG_vs_MST,0.0715857212586457,0.1412595601323981,0.5067672672316879,0.6123181259214723,-0.2052830166008547,0.3484544591181461,device + expertise + hand + round + (1|participant),0.7347817511057667
SENSITIVITY_AUGMENTED,sparc,SECONDARY,CON_vs_MST,-0.0042986158027738,0.1370975237200321,-0.0313544379660137,0.9749868765049384,-0.2730097622940369,0.2644125306884892,device + expertise + hand + round + (1|participant),0.984059503640766
SENSITIVITY_AUGMENTED,sparc,SECONDARY,ATG_vs_CON,0.0758843370614195,0.1393423376479207,0.5445892349901444,0.5860360602166721,-0.1972266447285051,0.3489953188513442,device + expertise + hand + round + (1|participant),0.7347817511057667
SENSITIVITY_AUGMENTED,stillness_episode_count,SECONDARY,ATG_vs_MST,-0.199604166579433,0.1261610446732286,-1.582137870659128,0.1136180998938488,-0.4468798141389612,0.047671480980095,device + expertise + hand + round + (1|participant),0.2485912853785096
SENSITIVITY_AUGMENTED,stillness_episode_count,SECONDARY,CON_vs_MST,-0.3733817455824741,0.1222078296640391,-3.055301338784396,0.0022483449812197,-0.6129090917239908,-0.1338543994409575,device + expertise + hand + round + (1|participant),0.0134900698873186
SENSITIVITY_AUGMENTED,stillness_episode_count,SECONDARY,ATG_vs_CON,0.173777579003041,0.12405884403783,1.400767356417169,0.1612836532135861,-0.0693777553111058,0.4169329133171879,device + expertise + hand + round + (1|participant),0.2602260444233794
SENSITIVITY_AUGMENTED,longest_stillness_sec,SECONDARY,ATG_vs_MST,-0.1705053260334145,0.1252708067986781,-1.3610938604988183,0.1734840296155863,-0.4160361073588237,0.0750254552919947,device + expertise + hand + round + (1|participant),0.2602260444233794
SENSITIVITY_AUGMENTED,longest_stillness_sec,SECONDARY,CON_vs_MST,-0.0024265698472585,0.1214512877738769,-0.019979778656414,0.984059503640766,-0.2404710938840572,0.2356179541895402,device + expertise + hand + round + (1|participant),0.984059503640766
SENSITIVITY_AUGMENTED,longest_stillness_sec,SECONDARY,ATG_vs_CON,-0.168078756186156,0.1233606877348604,-1.3624985339527955,0.1730406065064433,-0.4098657041464825,0.0737081917741705,device + expertise + hand + round + (1|participant),0.2602260444233794
