dataset,outcome,outcome_tier,n_attempt_hands,n_participants,mean,sd,median,q1,q3,min,max,authoritative_device,hand
GOPRO_PRIMARY,path_length_norm,MAIN,30,10,5.078486109766351,2.658144967357582,4.141727162434759,3.3969233779786823,6.215123777785823,0.5670687207491311,12.782848295272071,ATG,left
GOPRO_PRIMARY,path_length_norm,MAIN,47,16,10.06729112817525,5.983964980774414,8.821954728118449,6.183508949197261,11.519951280751147,3.934808666898436,36.82899335411879,ATG,right
GOPRO_PRIMARY,path_length_norm,MAIN,33,13,5.186753447170821,2.86224753392034,4.88810359691419,2.80226480033825,6.96455440591922,0.38595796511316,11.065752577341962,CON,left
GOPRO_PRIMARY,path_length_norm,MAIN,54,16,8.60000116789921,5.814104915402219,6.717075650641302,4.973087700084456,10.528418275372276,1.0964666617773369,34.23954375957365,CON,right
GOPRO_PRIMARY,path_length_norm,MAIN,29,9,9.708057780648511,5.646525228252574,9.078885929944772,4.717655430409591,11.390340375999967,1.0548883467754036,23.235303630262923,MST,left
GOPRO_PRIMARY,path_length_norm,MAIN,58,16,19.16258704457137,11.722383488962882,16.694960159170357,11.543792718111623,22.22478118057222,8.684565966129545,72.49859655700973,MST,right
GOPRO_PRIMARY,path_efficiency,MAIN,30,10,0.036393873893595,0.0482923773272856,0.0199113397897052,0.0045716122334624,0.0362125274429239,0.0005262839728867,0.1840370800873031,ATG,left
GOPRO_PRIMARY,path_efficiency,MAIN,47,16,0.0331298637542397,0.0220289506780928,0.0302823955073752,0.0162831131194448,0.0413858882284786,0.001109304280735,0.092521994801844,ATG,right
GOPRO_PRIMARY,path_efficiency,MAIN,33,13,0.0590635302075874,0.0795431456328121,0.0243134057030283,0.0062718201455987,0.0790790732033539,0.0006393278078388,0.3326818689812743,CON,left
GOPRO_PRIMARY,path_efficiency,MAIN,54,16,0.0376705385024326,0.0328684768192224,0.0271798692204591,0.0144555669043558,0.0521283918142901,0.0019149395023646,0.13663836387682,CON,right
GOPRO_PRIMARY,path_efficiency,MAIN,29,9,0.026828005465378,0.0300944898510156,0.0144498289926846,0.0086422025655344,0.0347394362634129,0.001129788423543,0.1220041815165505,MST,left
GOPRO_PRIMARY,path_efficiency,MAIN,58,16,0.0208059962106143,0.0133387191795009,0.0199066192018231,0.011813179298737,0.0265503067077462,0.0012595501159563,0.056613604985207,MST,right
GOPRO_PRIMARY,mean_speed_norm_s,MAIN,30,10,0.0524641140919496,0.0343939498332843,0.0423659601551094,0.0352550292959252,0.0601254294398784,0.0049747708136761,0.2042466214355449,ATG,left
GOPRO_PRIMARY,mean_speed_norm_s,MAIN,47,16,0.0789768649800888,0.029655203788371,0.0758129753356994,0.0597064870421149,0.095064597752112,0.0229611643172717,0.1757022632960691,ATG,right
GOPRO_PRIMARY,mean_speed_norm_s,MAIN,33,13,0.0511825469412708,0.0277113485379197,0.0498165762901774,0.0336648099482431,0.0583634974486786,0.0045581052111342,0.1590073456378524,CON,left
GOPRO_PRIMARY,mean_speed_norm_s,MAIN,54,16,0.0799045547244629,0.0311985699474411,0.0739239351964168,0.0552160911453116,0.1019388847789175,0.0284241480415699,0.1508546525979706,CON,right
GOPRO_PRIMARY,mean_speed_norm_s,MAIN,29,9,0.0645434819112528,0.0445290579273736,0.0492806477891531,0.037076247937338,0.0830001560168595,0.0065588175067404,0.2000029378168898,MST,left
GOPRO_PRIMARY,mean_speed_norm_s,MAIN,58,16,0.1136394258823511,0.0353414868675353,0.1088130270642697,0.0914149158792022,0.1262283407304104,0.0526328831176503,0.2537792945267282,MST,right
GOPRO_PRIMARY,log_dimensionless_jerk,MAIN,30,10,-28.34340877868713,2.288697077419761,-27.860545310232865,-29.520328491296283,-26.99502938285098,-34.07767418716407,-23.228283872931367,ATG,left
GOPRO_PRIMARY,log_dimensionless_jerk,MAIN,47,16,-26.72459647230681,2.186031212783329,-27.22315061054281,-27.96345697020193,-25.404468652298828,-32.14625767110724,-21.645421689159924,ATG,right
GOPRO_PRIMARY,log_dimensionless_jerk,MAIN,33,13,-27.64935218371782,2.2220307319150754,-27.973206423374663,-29.07085827913123,-25.969520075019485,-32.15774869338823,-22.67905748199764,CON,left
GOPRO_PRIMARY,log_dimensionless_jerk,MAIN,54,16,-26.69797282285017,2.553295099514697,-26.07389154602916,-28.37463933546248,-24.73028084107218,-32.58280708994738,-22.599967654277865,CON,right
GOPRO_PRIMARY,log_dimensionless_jerk,MAIN,29,9,-29.12888882806806,2.969024073111078,-28.91562170883078,-31.96351225993392,-26.92458389602749,-36.49877780867739,-24.6772613912233,MST,left
GOPRO_PRIMARY,log_dimensionless_jerk,MAIN,58,16,-25.45267491617401,2.5173484312698635,-24.87299668719342,-26.66334367370044,-23.65758155241509,-33.93062599859916,-20.4240581248848,MST,right
GOPRO_PRIMARY,stillness_fraction_observed_tracking,MAIN,30,10,0.603926701593268,0.1897815898563224,0.6230153031277839,0.5022429756274609,0.7355251164531462,0.1643265730629273,1.0,ATG,left
GOPRO_PRIMARY,stillness_fraction_observed_tracking,MAIN,47,16,0.4038273500147568,0.1806525900855957,0.4395199041663463,0.2308580598931366,0.5477180342984684,0.0596558302771496,0.7231133624482472,ATG,right
GOPRO_PRIMARY,stillness_fraction_observed_tracking,MAIN,33,13,0.6292130879668224,0.1633171881355504,0.5989809317320214,0.5466647942704708,0.774406633407058,0.1750943841622805,1.0,CON,left
GOPRO_PRIMARY,stillness_fraction_observed_tracking,MAIN,54,16,0.4947499567838602,0.1621212626580646,0.5314775046206912,0.4110461670973747,0.6037608631533409,0.1513823470720821,0.9442535349571264,CON,right
GOPRO_PRIMARY,stillness_fraction_observed_tracking,MAIN,29,9,0.5199307981531982,0.1936588742657667,0.5566223775879506,0.3573223319297607,0.6209530578818816,0.1807527704963653,0.966266571362112,MST,left
GOPRO_PRIMARY,stillness_fraction_observed_tracking,MAIN,58,16,0.3022422912701795,0.1310138461185656,0.2907237332298413,0.2179462367480535,0.3828064558936222,0.0333012547298267,0.6349428515870804,MST,right
GOPRO_PRIMARY,displacement_norm,SECONDARY,30,10,0.1730743671705522,0.2174868837449913,0.0790242113272665,0.0231454566446995,0.2488069852987134,0.0020846578601373,0.9041854538084764,ATG,left
GOPRO_PRIMARY,displacement_norm,SECONDARY,47,16,0.2743029534726485,0.1571813192571902,0.2491793616971067,0.1594531228960263,0.3610094155462106,0.0095499124886791,0.7173495660219693,ATG,right
GOPRO_PRIMARY,displacement_norm,SECONDARY,33,13,0.2206181733496207,0.22855196680453,0.1722284103741478,0.0375275158535708,0.3095575789403859,0.0005920081326735,0.7792040293678756,CON,left
GOPRO_PRIMARY,displacement_norm,SECONDARY,54,16,0.2285384004123017,0.158930415581435,0.2180504596283398,0.0944060825015662,0.3144318201657036,0.0109589949896706,0.8173640347363593,CON,right
GOPRO_PRIMARY,displacement_norm,SECONDARY,29,9,0.2191746327367297,0.2091455687627766,0.1610013868965802,0.0844882935101604,0.2721447640337522,0.0016004622347782,0.790739391910599,MST,left
GOPRO_PRIMARY,displacement_norm,SECONDARY,58,16,0.336310832129481,0.1907645115651444,0.3289993585936247,0.1997080977131045,0.4438938640697089,0.0323041424429876,0.8109976295806506,MST,right
GOPRO_PRIMARY,peak_speed_norm_s,SECONDARY,30,10,2.456144570547337,2.0549335362602377,1.768547443763095,1.0976905288593657,2.685686266357013,0.0213603327838268,8.19743021490081,ATG,left
GOPRO_PRIMARY,peak_speed_norm_s,SECONDARY,47,16,3.5346824106502264,1.3980823071232675,3.075033398807049,2.4744982087194707,4.157180329788251,2.018392077520651,7.952774630562647,ATG,right
GOPRO_PRIMARY,peak_speed_norm_s,SECONDARY,33,13,2.265440314680287,1.9218169090753223,1.470134159051517,0.8923776701876606,2.84871672478534,0.0238241122614962,7.3861978121098675,CON,left
GOPRO_PRIMARY,peak_speed_norm_s,SECONDARY,54,16,4.002660532068229,1.9986630784092363,4.056471282118291,2.3239948796876715,5.1231460526052,0.3487112211517454,10.477724106319858,CON,right
GOPRO_PRIMARY,peak_speed_norm_s,SECONDARY,29,9,3.6659313127026096,3.205359153344031,2.03901737603471,1.1796863336643828,6.729308932205588,0.117977879068306,11.082552429821966,MST,left
GOPRO_PRIMARY,peak_speed_norm_s,SECONDARY,58,16,4.134046277226546,1.4659104005931265,3.7826544295067865,3.2267563748749186,5.126752132040561,1.5619703034690786,8.041727880599268,MST,right
GOPRO_PRIMARY,velocity_peak_count,SECONDARY,30,10,413.9333333333333,174.84928156663332,393.5,258.75,554.0,135.0,747.0,ATG,left
GOPRO_PRIMARY,velocity_peak_count,SECONDARY,47,16,532.2127659574468,320.81715882836585,473.0,321.0,692.5,113.0,1728.0,ATG,right
GOPRO_PRIMARY,velocity_peak_count,SECONDARY,33,13,474.1818181818182,475.9454048618297,347.0,255.0,518.0,123.0,2846.0,CON,left
GOPRO_PRIMARY,velocity_peak_count,SECONDARY,54,16,449.8703703703704,385.5487657918695,344.0,228.75,515.0,127.0,2625.0,CON,right
GOPRO_PRIMARY,velocity_peak_count,SECONDARY,29,9,639.0,304.2966128162267,655.0,384.0,831.0,182.0,1349.0,MST,left
GOPRO_PRIMARY,velocity_peak_count,SECONDARY,58,16,674.0344827586207,593.4246124992653,495.0,312.5,762.0,134.0,3218.0,MST,right
GOPRO_PRIMARY,sparc,SECONDARY,30,10,-38.946154912060486,28.34228815544225,-32.008626153543574,-39.99767736803246,-21.93523047590341,-126.13549854952863,-4.587792595493208,ATG,left
GOPRO_PRIMARY,sparc,SECONDARY,47,16,-34.16441941330399,20.238284511171557,-27.55367989986877,-49.0735481987752,-19.01559688975452,-91.99215117256492,-6.244690238048183,ATG,right
GOPRO_PRIMARY,sparc,SECONDARY,33,13,-41.23586326401325,37.835847575371965,-28.532774603732765,-48.75877420860947,-18.918368879351984,-163.05336602453104,-9.488905968989524,CON,left
GOPRO_PRIMARY,sparc,SECONDARY,54,16,-35.35892404426459,20.05672292746778,-32.261174863395325,-45.86894766555572,-19.74654639496034,-99.84508025519588,-5.820611120006557,CON,right
GOPRO_PRIMARY,sparc,SECONDARY,29,9,-48.53282071057156,27.854789999576457,-46.22600155836695,-58.64202966709693,-27.34491938663555,-139.34369050053076,-17.99941502657137,MST,left
GOPRO_PRIMARY,sparc,SECONDARY,58,16,-32.9075212380686,22.950286849941914,-26.20315704992599,-35.35672787966275,-20.51248900437609,-110.47517783259204,-11.005040777287965,MST,right
GOPRO_PRIMARY,stillness_episode_count,SECONDARY,30,10,21.5,11.168768030107207,18.0,15.0,30.0,1.0,47.0,ATG,left
GOPRO_PRIMARY,stillness_episode_count,SECONDARY,47,16,28.76595744680851,18.007501777287693,26.0,13.0,39.0,7.0,86.0,ATG,right
GOPRO_PRIMARY,stillness_episode_count,SECONDARY,33,13,22.60606060606061,27.120033409293807,14.0,9.0,28.0,1.0,156.0,CON,left
GOPRO_PRIMARY,stillness_episode_count,SECONDARY,54,16,26.0,21.996569200758863,19.5,13.0,29.5,6.0,143.0,CON,right
GOPRO_PRIMARY,stillness_episode_count,SECONDARY,29,9,32.44827586206897,16.415554920554886,30.0,20.0,45.0,6.0,61.0,MST,left
GOPRO_PRIMARY,stillness_episode_count,SECONDARY,58,16,30.724137931034484,29.84626874528421,20.5,15.0,36.75,5.0,159.0,MST,right
GOPRO_PRIMARY,longest_stillness_sec,SECONDARY,30,10,20.628384433333306,23.78065007055178,10.493816499999925,6.264575000000036,26.07605249999996,2.102100000000064,95.56209999999987,ATG,left
GOPRO_PRIMARY,longest_stillness_sec,SECONDARY,47,16,11.225345723404253,10.746518594998896,7.941300000000183,3.470099999999931,15.181850000000054,1.134465999999989,49.74969999999996,ATG,right
GOPRO_PRIMARY,longest_stillness_sec,SECONDARY,33,13,23.723701,17.850495544682875,20.086700000000064,8.975630000000024,34.501199999999926,3.436770000000024,68.33490000000006,CON,left
GOPRO_PRIMARY,longest_stillness_sec,SECONDARY,54,16,10.077866185185194,6.990841853693072,8.14146500000001,5.388767500000114,12.504184999999694,2.1687999999999192,37.23720000000003,CON,right
GOPRO_PRIMARY,longest_stillness_sec,SECONDARY,29,9,21.101542172413787,14.920532452952632,16.61659999999995,7.941260000000057,28.194799999999987,3.870600000000195,58.825399999999945,MST,left
GOPRO_PRIMARY,longest_stillness_sec,SECONDARY,58,16,10.30396975862069,9.457373016175191,8.508495000000039,4.796455750000007,11.93692249999998,1.3680400000000077,52.719299999999976,MST,right
GOPRO_PRIMARY,mean_accel_norm_s2,DESCRIPTIVE_ONLY,30,10,0.5697430821119059,0.3249397535098108,0.472570986845911,0.4246372581790287,0.6900139945533992,0.0989129620272094,1.895634893175265,ATG,left
GOPRO_PRIMARY,mean_accel_norm_s2,DESCRIPTIVE_ONLY,47,16,0.7457504456436639,0.297937699809322,0.695441404715015,0.5488759412596863,0.9047628985646422,0.3011544327777339,2.0136422715223423,ATG,right
GOPRO_PRIMARY,mean_accel_norm_s2,DESCRIPTIVE_ONLY,33,13,0.5317664739982115,0.2624468922386542,0.476629072827506,0.4146513913861619,0.6058352925597783,0.09165880600427,1.6798389151081343,CON,left
GOPRO_PRIMARY,mean_accel_norm_s2,DESCRIPTIVE_ONLY,54,16,0.7616135010407341,0.295722768308938,0.7279697140634662,0.526298860668617,0.8954984492436661,0.3464454516210851,1.6160410350026748,CON,right
GOPRO_PRIMARY,mean_accel_norm_s2,DESCRIPTIVE_ONLY,29,9,0.663264659279563,0.3745398480326168,0.5546206763518365,0.4117745020176747,0.7938903656952943,0.110481588912957,1.671582583892257,MST,left
GOPRO_PRIMARY,mean_accel_norm_s2,DESCRIPTIVE_ONLY,58,16,1.0427210360303876,0.3233773466251259,0.9598772700570052,0.8314747151335643,1.163363072446142,0.5412932127949549,2.042676224755879,MST,right
GOPRO_PRIMARY,rms_accel_norm_s2,DESCRIPTIVE_ONLY,30,10,1.8466762952182765,1.5965890690280728,1.255731080790114,0.8557190926533499,2.272064586654479,0.1133903405306799,6.456451593062435,ATG,left
GOPRO_PRIMARY,rms_accel_norm_s2,DESCRIPTIVE_ONLY,47,16,1.9962749159001825,1.1050278818664587,1.710546699369112,1.3581765209020502,2.3111923127713863,0.5196723157855049,6.798518425225306,ATG,right
GOPRO_PRIMARY,rms_accel_norm_s2,DESCRIPTIVE_ONLY,33,13,1.6591690033850848,1.1850018684503612,1.244453588176861,0.8056841256517424,2.354095090902248,0.1059423825829154,5.044957318530691,CON,left
GOPRO_PRIMARY,rms_accel_norm_s2,DESCRIPTIVE_ONLY,54,16,2.4603313430488054,1.4443911879665077,2.1357052428953827,1.441918719074324,3.339287656672529,0.6721114837466892,6.786558659463202,CON,right
GOPRO_PRIMARY,rms_accel_norm_s2,DESCRIPTIVE_ONLY,29,9,2.14565903180212,1.6504315068362556,1.6215214549493506,0.8267499837237952,3.0178962902000768,0.1490280043989077,6.080132496853187,MST,left
GOPRO_PRIMARY,rms_accel_norm_s2,DESCRIPTIVE_ONLY,58,16,2.7749037143241453,1.1776059707689228,2.427068843142857,1.9047489424293564,3.3465456564523577,1.4727836521228763,5.97237448227004,MST,right
GOPRO_PRIMARY,peak_accel_norm_s2,DESCRIPTIVE_ONLY,30,10,29.985244248035198,29.51479366075984,16.71778925112492,8.53761218890887,35.488753363330254,0.4022759994441823,93.9154683131914,ATG,left
GOPRO_PRIMARY,peak_accel_norm_s2,DESCRIPTIVE_ONLY,47,16,40.44198784660509,28.573859555530145,25.207458912344613,18.37637267125634,59.29613474852218,11.748896840106678,130.87552360310636,ATG,right
GOPRO_PRIMARY,peak_accel_norm_s2,DESCRIPTIVE_ONLY,33,13,29.163408994886986,30.15135663217224,13.115167709183028,7.577002832730503,42.7274459834708,0.3736157246946258,106.86804226273216,CON,left
GOPRO_PRIMARY,peak_accel_norm_s2,DESCRIPTIVE_ONLY,54,16,51.66308685105913,38.83099370922594,40.79749535981844,17.191609153347933,79.79589734478301,5.864389381345482,151.20505426108866,CON,right
GOPRO_PRIMARY,peak_accel_norm_s2,DESCRIPTIVE_ONLY,29,9,48.15135966331369,49.237959206781774,16.327353635413136,9.981319777004831,95.40037229700611,1.4118777919113847,155.87668276325672,MST,left
GOPRO_PRIMARY,peak_accel_norm_s2,DESCRIPTIVE_ONLY,58,16,55.64135067467242,29.42175178173086,56.7382166304394,28.154830201090704,79.48802016546966,11.572231329809515,136.9125312006608,MST,right
SENSITIVITY_AUGMENTED,path_length_norm,MAIN,32,10,5.3144532978315,2.7350892967436784,4.337986849365104,3.4615090336037344,7.0820107426366965,0.5670687207491311,12.782848295272071,ATG,left
SENSITIVITY_AUGMENTED,path_length_norm,MAIN,49,16,10.03451431447351,5.861816865610622,8.821954728118449,6.268821311782037,11.421891188160568,3.934808666898436,36.82899335411879,ATG,right
SENSITIVITY_AUGMENTED,path_length_norm,MAIN,33,13,5.186753447170821,2.86224753392034,4.88810359691419,2.80226480033825,6.96455440591922,0.38595796511316,11.065752577341962,CON,left
SENSITIVITY_AUGMENTED,path_length_norm,MAIN,55,16,8.556484610383945,5.769052987112008,6.624204048041428,5.116980855923351,10.508955042675929,1.0964666617773369,34.23954375957365,CON,right
SENSITIVITY_AUGMENTED,path_length_norm,MAIN,29,9,9.708057780648511,5.646525228252574,9.078885929944772,4.717655430409591,11.390340375999967,1.0548883467754036,23.235303630262923,MST,left
SENSITIVITY_AUGMENTED,path_length_norm,MAIN,58,16,19.16258704457137,11.722383488962882,16.694960159170357,11.543792718111623,22.22478118057222,8.684565966129545,72.49859655700973,MST,right
SENSITIVITY_AUGMENTED,path_efficiency,MAIN,31,10,0.0360373504741566,0.047522159340639,0.0218469334907954,0.0049101468178253,0.0362018753260122,0.0005262839728867,0.1840370800873031,ATG,left
SENSITIVITY_AUGMENTED,path_efficiency,MAIN,48,16,0.0333183232477327,0.0218324183295198,0.0305959972375883,0.0164755367818908,0.0425205274165249,0.001109304280735,0.092521994801844,ATG,right
SENSITIVITY_AUGMENTED,path_efficiency,MAIN,33,13,0.0590635302075874,0.0795431456328121,0.0243134057030283,0.0062718201455987,0.0790790732033539,0.0006393278078388,0.3326818689812743,CON,left
SENSITIVITY_AUGMENTED,path_efficiency,MAIN,55,16,0.038671036868174,0.0333973856140781,0.0274457035550305,0.015043353567859,0.0522596066963697,0.0019149395023646,0.13663836387682,CON,right
SENSITIVITY_AUGMENTED,path_efficiency,MAIN,29,9,0.026828005465378,0.0300944898510156,0.0144498289926846,0.0086422025655344,0.0347394362634129,0.001129788423543,0.1220041815165505,MST,left
SENSITIVITY_AUGMENTED,path_efficiency,MAIN,58,16,0.0208059962106143,0.0133387191795009,0.0199066192018231,0.011813179298737,0.0265503067077462,0.0012595501159563,0.056613604985207,MST,right
SENSITIVITY_AUGMENTED,mean_speed_norm_s,MAIN,32,10,0.0533062633895602,0.0334728866329557,0.0444025311737653,0.0359640468756866,0.0616359317194486,0.0049747708136761,0.2042466214355449,ATG,left
SENSITIVITY_AUGMENTED,mean_speed_norm_s,MAIN,49,16,0.078601783715905,0.0292157428173481,0.0758129753356994,0.058789772202824,0.0950171526576873,0.0229611643172717,0.1757022632960691,ATG,right
SENSITIVITY_AUGMENTED,mean_speed_norm_s,MAIN,33,13,0.0511825469412708,0.0277113485379197,0.0498165762901774,0.0336648099482431,0.0583634974486786,0.0045581052111342,0.1590073456378524,CON,left
SENSITIVITY_AUGMENTED,mean_speed_norm_s,MAIN,55,16,0.0788069395348377,0.0319622825110049,0.0737382589958688,0.0541820867119953,0.1014860742891603,0.0195357192950792,0.1508546525979706,CON,right
SENSITIVITY_AUGMENTED,mean_speed_norm_s,MAIN,29,9,0.0645434819112528,0.0445290579273736,0.0492806477891531,0.037076247937338,0.0830001560168595,0.0065588175067404,0.2000029378168898,MST,left
SENSITIVITY_AUGMENTED,mean_speed_norm_s,MAIN,58,16,0.1136394258823511,0.0353414868675353,0.1088130270642697,0.0914149158792022,0.1262283407304104,0.0526328831176503,0.2537792945267282,MST,right
SENSITIVITY_AUGMENTED,log_dimensionless_jerk,MAIN,32,10,-28.39798263506215,2.259899587088509,-27.860545310232865,-29.61464702441372,-27.19525227302012,-34.07767418716407,-23.228283872931367,ATG,left
SENSITIVITY_AUGMENTED,log_dimensionless_jerk,MAIN,49,16,-26.701718798812784,2.143291986118553,-27.09437183041397,-27.866441272208704,-25.439863919978176,-32.14625767110724,-21.645421689159924,ATG,right
SENSITIVITY_AUGMENTED,log_dimensionless_jerk,MAIN,33,13,-27.64935218371782,2.2220307319150754,-27.973206423374663,-29.07085827913123,-25.969520075019485,-32.15774869338823,-22.67905748199764,CON,left
SENSITIVITY_AUGMENTED,log_dimensionless_jerk,MAIN,55,16,-26.841585849319245,2.7446213525851286,-26.086446969631098,-28.58694369882874,-24.7431705020954,-34.59668927864911,-22.599967654277865,CON,right
SENSITIVITY_AUGMENTED,log_dimensionless_jerk,MAIN,29,9,-29.12888882806806,2.969024073111078,-28.91562170883078,-31.96351225993392,-26.92458389602749,-36.49877780867739,-24.6772613912233,MST,left
SENSITIVITY_AUGMENTED,log_dimensionless_jerk,MAIN,58,16,-25.45267491617401,2.5173484312698635,-24.87299668719342,-26.66334367370044,-23.65758155241509,-33.93062599859916,-20.4240581248848,MST,right
SENSITIVITY_AUGMENTED,stillness_fraction_observed_tracking,MAIN,32,10,0.6060378402567435,0.1837625193820498,0.6345820496884897,0.5137235732449404,0.7145546030233194,0.1643265730629273,1.0,ATG,left
SENSITIVITY_AUGMENTED,stillness_fraction_observed_tracking,MAIN,49,16,0.4091054718388383,0.1793708233974859,0.4450977108253119,0.2388739456115503,0.5492000974686914,0.0596558302771496,0.7231133624482472,ATG,right
SENSITIVITY_AUGMENTED,stillness_fraction_observed_tracking,MAIN,33,13,0.6292130879668224,0.1633171881355504,0.5989809317320214,0.5466647942704708,0.774406633407058,0.1750943841622805,1.0,CON,left
SENSITIVITY_AUGMENTED,stillness_fraction_observed_tracking,MAIN,55,16,0.4986220987306573,0.1631600978691689,0.5317882595500294,0.4155787374836269,0.6059503648368529,0.1513823470720821,0.9442535349571264,CON,right
SENSITIVITY_AUGMENTED,stillness_fraction_observed_tracking,MAIN,29,9,0.5199307981531982,0.1936588742657667,0.5566223775879506,0.3573223319297607,0.6209530578818816,0.1807527704963653,0.966266571362112,MST,left
SENSITIVITY_AUGMENTED,stillness_fraction_observed_tracking,MAIN,58,16,0.3022422912701795,0.1310138461185656,0.2907237332298413,0.2179462367480535,0.3828064558936222,0.0333012547298267,0.6349428515870804,MST,right
SENSITIVITY_AUGMENTED,displacement_norm,SECONDARY,32,10,0.1905823737133277,0.228264048557219,0.0857356002662803,0.0289224582932891,0.261965619115457,0.0020846578601373,0.9041854538084764,ATG,left
SENSITIVITY_AUGMENTED,displacement_norm,SECONDARY,49,16,0.2869848731713101,0.1693438545371755,0.2711160814348927,0.1736104437552698,0.3720990684257714,0.0095499124886791,0.7506011795421526,ATG,right
SENSITIVITY_AUGMENTED,displacement_norm,SECONDARY,33,13,0.2206181733496207,0.22855196680453,0.1722284103741478,0.0375275158535708,0.3095575789403859,0.0005920081326735,0.7792040293678756,CON,left
SENSITIVITY_AUGMENTED,displacement_norm,SECONDARY,55,16,0.23484385145364,0.1642493507487111,0.2200499665350551,0.0964155010344067,0.3222123216686882,0.0109589949896706,0.8173640347363593,CON,right
SENSITIVITY_AUGMENTED,displacement_norm,SECONDARY,29,9,0.2191746327367297,0.2091455687627766,0.1610013868965802,0.0844882935101604,0.2721447640337522,0.0016004622347782,0.790739391910599,MST,left
SENSITIVITY_AUGMENTED,displacement_norm,SECONDARY,58,16,0.336310832129481,0.1907645115651444,0.3289993585936247,0.1997080977131045,0.4438938640697089,0.0323041424429876,0.8109976295806506,MST,right
SENSITIVITY_AUGMENTED,peak_speed_norm_s,SECONDARY,32,10,2.588209613193319,2.1179227424891818,1.8899433005472683,1.1077848170142728,2.916786636898825,0.0213603327838268,8.19743021490081,ATG,left
SENSITIVITY_AUGMENTED,peak_speed_norm_s,SECONDARY,49,16,3.637865165135997,1.4611056905793645,3.100773996631452,2.487643919214981,4.4124755991447335,2.018392077520651,7.952774630562647,ATG,right
SENSITIVITY_AUGMENTED,peak_speed_norm_s,SECONDARY,33,13,2.265440314680287,1.9218169090753223,1.470134159051517,0.8923776701876606,2.84871672478534,0.0238241122614962,7.3861978121098675,CON,left
SENSITIVITY_AUGMENTED,peak_speed_norm_s,SECONDARY,55,16,3.9408476986309617,2.0324429821809997,3.996254133714953,2.240992828348356,5.092757117549503,0.3487112211517454,10.477724106319858,CON,right
SENSITIVITY_AUGMENTED,peak_speed_norm_s,SECONDARY,29,9,3.6659313127026096,3.205359153344031,2.03901737603471,1.1796863336643828,6.729308932205588,0.117977879068306,11.082552429821966,MST,left
SENSITIVITY_AUGMENTED,peak_speed_norm_s,SECONDARY,58,16,4.134046277226546,1.4659104005931265,3.7826544295067865,3.2267563748749186,5.126752132040561,1.5619703034690786,8.041727880599268,MST,right
SENSITIVITY_AUGMENTED,velocity_peak_count,SECONDARY,32,10,422.09375,172.39982774016542,425.5,284.25,564.0,135.0,747.0,ATG,left
SENSITIVITY_AUGMENTED,velocity_peak_count,SECONDARY,49,16,531.265306122449,314.19240227328623,473.0,324.0,691.0,113.0,1728.0,ATG,right
SENSITIVITY_AUGMENTED,velocity_peak_count,SECONDARY,33,13,474.1818181818182,475.9454048618297,347.0,255.0,518.0,123.0,2846.0,CON,left
SENSITIVITY_AUGMENTED,velocity_peak_count,SECONDARY,55,16,465.6727272727273,399.5364932363618,353.0,230.5,522.0,127.0,2625.0,CON,right
SENSITIVITY_AUGMENTED,velocity_peak_count,SECONDARY,29,9,639.0,304.2966128162267,655.0,384.0,831.0,182.0,1349.0,MST,left
SENSITIVITY_AUGMENTED,velocity_peak_count,SECONDARY,58,16,674.0344827586207,593.4246124992653,495.0,312.5,762.0,134.0,3218.0,MST,right
SENSITIVITY_AUGMENTED,sparc,SECONDARY,32,10,-39.909247415386446,27.97029955484974,-34.635001083838304,-40.87027774175526,-22.10497929692618,-126.13549854952863,-4.587792595493208,ATG,left
SENSITIVITY_AUGMENTED,sparc,SECONDARY,49,16,-34.003751636506415,19.853986353558145,-27.55367989986877,-46.9333596533982,-19.242702908623265,-91.99215117256492,-6.244690238048183,ATG,right
SENSITIVITY_AUGMENTED,sparc,SECONDARY,33,13,-41.23586326401325,37.835847575371965,-28.532774603732765,-48.75877420860947,-18.918368879351984,-163.05336602453104,-9.488905968989524,CON,left
SENSITIVITY_AUGMENTED,sparc,SECONDARY,55,16,-37.19206857488623,24.07583204114616,-32.452945647942585,-47.98366839706349,-19.75693210527933,-136.18187322845498,-5.820611120006557,CON,right
SENSITIVITY_AUGMENTED,sparc,SECONDARY,29,9,-48.53282071057156,27.854789999576457,-46.22600155836695,-58.64202966709693,-27.34491938663555,-139.34369050053076,-17.99941502657137,MST,left
SENSITIVITY_AUGMENTED,sparc,SECONDARY,58,16,-32.9075212380686,22.950286849941914,-26.20315704992599,-35.35672787966275,-20.51248900437609,-110.47517783259204,-11.005040777287965,MST,right
SENSITIVITY_AUGMENTED,stillness_episode_count,SECONDARY,32,10,22.125,11.5974135047432,18.0,15.0,31.0,1.0,47.0,ATG,left
SENSITIVITY_AUGMENTED,stillness_episode_count,SECONDARY,49,16,28.775510204081638,17.723883728510767,26.0,13.0,38.0,7.0,86.0,ATG,right
SENSITIVITY_AUGMENTED,stillness_episode_count,SECONDARY,33,13,22.60606060606061,27.120033409293807,14.0,9.0,28.0,1.0,156.0,CON,left
SENSITIVITY_AUGMENTED,stillness_episode_count,SECONDARY,55,16,27.0,23.019315560826065,20.0,13.0,31.5,6.0,143.0,CON,right
SENSITIVITY_AUGMENTED,stillness_episode_count,SECONDARY,29,9,32.44827586206897,16.415554920554886,30.0,20.0,45.0,6.0,61.0,MST,left
SENSITIVITY_AUGMENTED,stillness_episode_count,SECONDARY,58,16,30.724137931034484,29.84626874528421,20.5,15.0,36.75,5.0,159.0,MST,right
SENSITIVITY_AUGMENTED,longest_stillness_sec,SECONDARY,32,10,20.61516723488089,23.25561861609572,10.493816499999925,6.381324999999948,26.342977500000032,2.102100000000064,95.56209999999987,ATG,left
SENSITIVITY_AUGMENTED,longest_stillness_sec,SECONDARY,49,16,11.210720470173213,10.528415315514255,8.742069999999956,3.6036,15.048400000000129,1.134465999999989,49.74969999999996,ATG,right
SENSITIVITY_AUGMENTED,longest_stillness_sec,SECONDARY,33,13,23.723701,17.850495544682875,20.086700000000064,8.975630000000024,34.501199999999926,3.436770000000024,68.33490000000006,CON,left
SENSITIVITY_AUGMENTED,longest_stillness_sec,SECONDARY,55,16,10.160693811186476,6.952996336586407,8.775429999999972,5.505535000000066,12.629299999999809,2.1687999999999192,37.23720000000003,CON,right
SENSITIVITY_AUGMENTED,longest_stillness_sec,SECONDARY,29,9,21.101542172413787,14.920532452952632,16.61659999999995,7.941260000000057,28.194799999999987,3.870600000000195,58.825399999999945,MST,left
SENSITIVITY_AUGMENTED,longest_stillness_sec,SECONDARY,58,16,10.30396975862069,9.457373016175191,8.508495000000039,4.796455750000007,11.93692249999998,1.3680400000000077,52.719299999999976,MST,right
SENSITIVITY_AUGMENTED,mean_accel_norm_s2,DESCRIPTIVE_ONLY,32,10,0.5723879188292107,0.3148166541813855,0.5012625989173469,0.4253209337593874,0.6814663606261365,0.0989129620272094,1.895634893175265,ATG,left
SENSITIVITY_AUGMENTED,mean_accel_norm_s2,DESCRIPTIVE_ONLY,49,16,0.7428799313901795,0.292589268081541,0.695441404715015,0.5565881766014219,0.9009557112620302,0.3011544327777339,2.0136422715223423,ATG,right
SENSITIVITY_AUGMENTED,mean_accel_norm_s2,DESCRIPTIVE_ONLY,33,13,0.5317664739982115,0.2624468922386542,0.476629072827506,0.4146513913861619,0.6058352925597783,0.09165880600427,1.6798389151081343,CON,left
SENSITIVITY_AUGMENTED,mean_accel_norm_s2,DESCRIPTIVE_ONLY,55,16,0.7528712036215326,0.3000599974411401,0.7246893492996727,0.5224769651646262,0.8891520625184499,0.2807871429846479,1.6160410350026748,CON,right
SENSITIVITY_AUGMENTED,mean_accel_norm_s2,DESCRIPTIVE_ONLY,29,9,0.663264659279563,0.3745398480326168,0.5546206763518365,0.4117745020176747,0.7938903656952943,0.110481588912957,1.671582583892257,MST,left
SENSITIVITY_AUGMENTED,mean_accel_norm_s2,DESCRIPTIVE_ONLY,58,16,1.0427210360303876,0.3233773466251259,0.9598772700570052,0.8314747151335643,1.163363072446142,0.5412932127949549,2.042676224755879,MST,right
SENSITIVITY_AUGMENTED,rms_accel_norm_s2,DESCRIPTIVE_ONLY,32,10,1.882636295517401,1.5586166527553391,1.337154456962435,0.8606832621445144,2.313249606210789,0.1133903405306799,6.456451593062435,ATG,left
SENSITIVITY_AUGMENTED,rms_accel_norm_s2,DESCRIPTIVE_ONLY,49,16,2.056897764918516,1.121780326335016,1.7673616130733585,1.3739595249919392,2.500487152808468,0.5196723157855049,6.798518425225306,ATG,right
SENSITIVITY_AUGMENTED,rms_accel_norm_s2,DESCRIPTIVE_ONLY,33,13,1.6591690033850848,1.1850018684503612,1.244453588176861,0.8056841256517424,2.354095090902248,0.1059423825829154,5.044957318530691,CON,left
SENSITIVITY_AUGMENTED,rms_accel_norm_s2,DESCRIPTIVE_ONLY,55,16,2.423603600835268,1.4566476367830197,2.1220372389381392,1.374032776871148,3.3278984921423405,0.4403055213042218,6.786558659463202,CON,right
SENSITIVITY_AUGMENTED,rms_accel_norm_s2,DESCRIPTIVE_ONLY,29,9,2.14565903180212,1.6504315068362556,1.6215214549493506,0.8267499837237952,3.0178962902000768,0.1490280043989077,6.080132496853187,MST,left
SENSITIVITY_AUGMENTED,rms_accel_norm_s2,DESCRIPTIVE_ONLY,58,16,2.7749037143241453,1.1776059707689228,2.427068843142857,1.9047489424293564,3.3465456564523577,1.4727836521228763,5.97237448227004,MST,right
SENSITIVITY_AUGMENTED,peak_accel_norm_s2,DESCRIPTIVE_ONLY,32,10,31.85935335979836,30.14798317829317,19.79569989050804,8.791104367900797,36.98403944922381,0.4022759994441823,93.9154683131914,ATG,left
SENSITIVITY_AUGMENTED,peak_accel_norm_s2,DESCRIPTIVE_ONLY,49,16,43.40531648742927,31.56792065665297,27.062966560260765,18.84844798940387,63.75747719206746,11.748896840106678,130.87552360310636,ATG,right
SENSITIVITY_AUGMENTED,peak_accel_norm_s2,DESCRIPTIVE_ONLY,33,13,29.163408994886986,30.15135663217224,13.115167709183028,7.577002832730503,42.7274459834708,0.3736157246946258,106.86804226273216,CON,left
SENSITIVITY_AUGMENTED,peak_accel_norm_s2,DESCRIPTIVE_ONLY,55,16,50.82165042627769,38.97260366157837,39.65015500575005,16.991185130717216,79.60924605621021,5.3840834880802175,151.20505426108866,CON,right
SENSITIVITY_AUGMENTED,peak_accel_norm_s2,DESCRIPTIVE_ONLY,29,9,48.15135966331369,49.237959206781774,16.327353635413136,9.981319777004831,95.40037229700611,1.4118777919113847,155.87668276325672,MST,left
SENSITIVITY_AUGMENTED,peak_accel_norm_s2,DESCRIPTIVE_ONLY,58,16,55.64135067467242,29.42175178173086,56.7382166304394,28.154830201090704,79.48802016546966,11.572231329809515,136.9125312006608,MST,right
