dataset,outcome,outcome_tier,model_scope,status,error,n_rows,n_participants,loglike,random_intercept_variance,residual_variance,icc,variance_ratio_lambda,optimizer_success,optimizer_message
GOPRO_PRIMARY,path_length_norm,MAIN,OVERALL,PASS,,251,20,-253.85280291292565,0.1399705802132277,0.3888172813151445,0.2647008193581946,0.3599906355493973,True,Solution found.
GOPRO_PRIMARY,path_efficiency,MAIN,OVERALL,PASS,,251,20,-339.6373934178346,0.1926622148147209,0.7882455083225686,0.1964121703502538,0.2444190455645185,True,Solution found.
GOPRO_PRIMARY,mean_speed_norm_s,MAIN,OVERALL,PASS,,251,20,-288.66364176033727,0.1836611938917347,0.5133034076912517,0.2635158133922336,0.3578024052437337,True,Solution found.
GOPRO_PRIMARY,log_dimensionless_jerk,MAIN,OVERALL,PASS,,251,20,-321.83931410052287,0.1412658172015106,0.6908493374112091,0.169767148715442,0.204481367429359,True,Solution found.
GOPRO_PRIMARY,stillness_fraction_observed_tracking,MAIN,OVERALL,PASS,,251,20,-328.4590203253223,0.0545111485446083,0.7636384640803907,0.0666273597193446,0.0713834505576578,True,Solution found.
GOPRO_PRIMARY,displacement_norm,SECONDARY,OVERALL,PASS,,251,20,-343.36564696219983,0.0943486217150584,0.8448408354019424,0.1004574966212645,0.111676209010625,True,Solution found.
GOPRO_PRIMARY,peak_speed_norm_s,SECONDARY,OVERALL,PASS,,251,20,-324.5257992118467,0.065109724438984,0.7340793185061818,0.0814697411253815,0.0886957618850772,True,Solution found.
GOPRO_PRIMARY,velocity_peak_count,SECONDARY,OVERALL,PASS,,251,20,-286.3723315367158,0.4099478618437771,0.4750950679117521,0.4631954542103566,0.8628754317439558,True,Solution found.
GOPRO_PRIMARY,sparc,SECONDARY,OVERALL,PASS,,251,20,-338.7727862271241,0.1253102949434325,0.8017784885556292,0.1351653662235892,0.1562904177800702,True,Solution found.
GOPRO_PRIMARY,stillness_episode_count,SECONDARY,OVERALL,PASS,,251,20,-317.54481793161426,0.309147138208494,0.6333683500406732,0.3280021835850899,0.4881000735016857,True,Solution found.
GOPRO_PRIMARY,longest_stillness_sec,SECONDARY,OVERALL,PASS,,251,20,-313.39654262087817,0.225297633459694,0.6248172500540563,0.2650202200065938,0.3605816475780755,True,Solution found.
SENSITIVITY_AUGMENTED,path_length_norm,MAIN,OVERALL,PASS,,256,20,-259.42212428279345,0.1285288146551786,0.3932508878846547,0.2463277395221532,0.3268366801319918,True,Solution found.
SENSITIVITY_AUGMENTED,path_efficiency,MAIN,OVERALL,PASS,,254,20,-344.3667865783273,0.1744576165229824,0.7978238383864169,0.1794311879981697,0.2186668386292135,True,Solution found.
SENSITIVITY_AUGMENTED,mean_speed_norm_s,MAIN,OVERALL,PASS,,256,20,-293.61339323838007,0.1857344608068141,0.5103104340254885,0.2668426450445598,0.3639636747022445,True,Solution found.
SENSITIVITY_AUGMENTED,log_dimensionless_jerk,MAIN,OVERALL,PASS,,256,20,-328.40511914492606,0.1771628904375559,0.6833127458884583,0.2058894906007926,0.2592705777896837,True,Solution found.
SENSITIVITY_AUGMENTED,stillness_fraction_observed_tracking,MAIN,OVERALL,PASS,,256,20,-333.01422519580007,0.0511120456398589,0.7534355976229206,0.0635289234489309,0.0678386391632102,True,Solution found.
SENSITIVITY_AUGMENTED,displacement_norm,SECONDARY,OVERALL,PASS,,256,20,-354.0106070685569,0.1070286950728002,0.8669496423758012,0.1098881678961862,0.1234543390311544,True,Solution found.
SENSITIVITY_AUGMENTED,peak_speed_norm_s,SECONDARY,OVERALL,PASS,,256,20,-334.0782117379367,0.0712655610108217,0.7502685890537846,0.0867469246472801,0.0949867314859864,True,Solution found.
SENSITIVITY_AUGMENTED,velocity_peak_count,SECONDARY,OVERALL,PASS,,256,20,-289.524791469429,0.4127761615119676,0.4660210292383928,0.4697058273018817,0.8857457831603822,True,Solution found.
SENSITIVITY_AUGMENTED,sparc,SECONDARY,OVERALL,PASS,,256,20,-347.8034214152149,0.1885089460164516,0.7993841586152479,0.1908191737877656,0.2358177154060704,True,Solution found.
SENSITIVITY_AUGMENTED,stillness_episode_count,SECONDARY,OVERALL,PASS,,256,20,-323.428543060045,0.3151288014419711,0.6314029752515384,0.3329299757297117,0.4990929941634025,True,Solution found.
SENSITIVITY_AUGMENTED,longest_stillness_sec,SECONDARY,OVERALL,PASS,,256,20,-319.2617729708324,0.2173754846181206,0.6252847540406703,0.2579633814977475,0.3476423872698196,True,Solution found.
