dataset,outcome,outcome_tier,effect,estimate_SD_units,se,z,p,ci95_low,ci95_high,round_also_in_model,status,error,q_bh
GOPRO_PRIMARY,path_length_norm,MAIN,OVERALL_ATTEMPT_SEQUENCE_LINEAR,0.0065842036870521,0.0445952313602353,0.1476436714469687,0.8826239879386502,-0.0808224497790092,0.0939908571531134,True,PASS,,0.8846756077942739
GOPRO_PRIMARY,path_efficiency,MAIN,OVERALL_ATTEMPT_SEQUENCE_LINEAR,-0.020523211073135,0.0626346264471767,-0.3276655779282642,0.7431645325816965,-0.1432870789096014,0.1022406567633312,True,PASS,,0.8846756077942739
GOPRO_PRIMARY,mean_speed_norm_s,MAIN,OVERALL_ATTEMPT_SEQUENCE_LINEAR,-0.038678194164715,0.0511726372681578,-0.7558374207299756,0.4497466777099264,-0.1389765632103045,0.0616201748808743,True,PASS,,0.8846756077942739
GOPRO_PRIMARY,log_dimensionless_jerk,MAIN,OVERALL_ATTEMPT_SEQUENCE_LINEAR,-0.1043007231531567,0.0577627886209657,-1.8056732654922332,0.0709693910006139,-0.2175157888502495,0.008914342543936,True,PASS,,0.3548469550030696
GOPRO_PRIMARY,stillness_fraction_observed_tracking,MAIN,OVERALL_ATTEMPT_SEQUENCE_LINEAR,-0.0085405295687835,0.0588820665895223,-0.1450446640794923,0.8846756077942739,-0.1239493800842473,0.1068683209466801,True,PASS,,0.8846756077942739
GOPRO_PRIMARY,displacement_norm,SECONDARY,OVERALL_ATTEMPT_SEQUENCE_LINEAR,-0.034803957363877,0.0629415611870565,-0.5529566904202278,0.5802930669245485,-0.1581694172905078,0.0885615025627537,True,PASS,,0.8083299256112157
GOPRO_PRIMARY,peak_speed_norm_s,SECONDARY,OVERALL_ATTEMPT_SEQUENCE_LINEAR,-0.0666119006889696,0.0579887338119431,-1.1487041759696175,0.250677983323764,-0.1802698189603782,0.0470460175824389,True,PASS,,0.752033949971292
GOPRO_PRIMARY,velocity_peak_count,SECONDARY,OVERALL_ATTEMPT_SEQUENCE_LINEAR,0.0060660948890689,0.0504436448522475,0.1202548885362449,0.9042812384380604,-0.0928034490213361,0.104935638799474,True,PASS,,0.9042812384380602
GOPRO_PRIMARY,sparc,SECONDARY,OVERALL_ATTEMPT_SEQUENCE_LINEAR,-0.0995691463591442,0.0613980155245671,-1.6216997488999254,0.1048676526120465,-0.2199092567872959,0.0207709640690073,True,PASS,,0.6292059156722792
GOPRO_PRIMARY,stillness_episode_count,SECONDARY,OVERALL_ATTEMPT_SEQUENCE_LINEAR,0.0241910628277852,0.0574335280683076,0.4212010587093662,0.6736082713426798,-0.0883786521860976,0.1367607778416682,True,PASS,,0.8083299256112157
GOPRO_PRIMARY,longest_stillness_sec,SECONDARY,OVERALL_ATTEMPT_SEQUENCE_LINEAR,-0.0341387376951057,0.0564945055250351,-0.6042842109659216,0.5456547017749354,-0.1448679685241747,0.0765904931339631,True,PASS,,0.8083299256112157
