dataset,outcome,outcome_tier,n_attempt_hands,n_participants,mean,sd,median,q1,q3,min,max,authoritative_device
GOPRO_PRIMARY,mean_accel_norm_s2,DESCRIPTIVE_ONLY,77,19,0.6771761481637583,0.3185604118693865,0.6359925659438735,0.4628530113321119,0.8188866640839542,0.0989129620272094,2.0136422715223423,ATG
GOPRO_PRIMARY,mean_accel_norm_s2,DESCRIPTIVE_ONLY,87,20,0.6744301459556392,0.3034905197622454,0.586232872312361,0.4646647919735835,0.811992461961829,0.09165880600427,1.6798389151081343,CON
GOPRO_PRIMARY,mean_accel_norm_s2,DESCRIPTIVE_ONLY,87,18,0.916235577113446,0.3838642250321594,0.8726932646691535,0.6648619906205754,1.0787991563318609,0.110481588912957,2.042676224755879,MST
GOPRO_PRIMARY,rms_accel_norm_s2,DESCRIPTIVE_ONLY,77,19,1.9379897390111276,1.3104016984979323,1.637761538457177,1.078516462636396,2.292347308150764,0.1133903405306799,6.798518425225306,ATG
GOPRO_PRIMARY,rms_accel_norm_s2,DESCRIPTIVE_ONLY,87,20,2.156442179728084,1.4003924718787406,1.702284730034206,1.1234282793038712,2.855853701670262,0.1059423825829154,6.786558659463202,CON
GOPRO_PRIMARY,rms_accel_norm_s2,DESCRIPTIVE_ONLY,87,18,2.565155486816803,1.376589862319343,2.209506728348332,1.6286883990066174,3.3192743657540618,0.1490280043989077,6.080132496853187,MST
GOPRO_PRIMARY,peak_accel_norm_s2,DESCRIPTIVE_ONLY,77,19,36.36793189911033,29.204866853505,24.484793912464948,13.854292422029395,53.89669299225297,0.4022759994441823,130.87552360310636,ATG
GOPRO_PRIMARY,peak_accel_norm_s2,DESCRIPTIVE_ONLY,87,20,43.12872628492487,37.25716401877393,26.156858124864463,12.409927563053207,68.9575898470224,0.3736157246946258,151.20505426108866,CON
GOPRO_PRIMARY,peak_accel_norm_s2,DESCRIPTIVE_ONLY,87,18,53.14468700421952,37.09017846591867,48.484250627029965,18.942392713677638,81.26875669532902,1.4118777919113847,155.87668276325672,MST
SENSITIVITY_AUGMENTED,mean_accel_norm_s2,DESCRIPTIVE_ONLY,81,19,0.6755250622302905,0.311132853882873,0.6359925659438735,0.463869528943592,0.8181635126140885,0.0989129620272094,2.0136422715223423,ATG
SENSITIVITY_AUGMENTED,mean_accel_norm_s2,DESCRIPTIVE_ONLY,88,20,0.6699569300127872,0.3046451220529909,0.5846074165388222,0.4524732785223117,0.8109088319000941,0.09165880600427,1.6798389151081343,CON
SENSITIVITY_AUGMENTED,mean_accel_norm_s2,DESCRIPTIVE_ONLY,87,18,0.916235577113446,0.3838642250321594,0.8726932646691535,0.6648619906205754,1.0787991563318609,0.110481588912957,2.042676224755879,MST
SENSITIVITY_AUGMENTED,rms_accel_norm_s2,DESCRIPTIVE_ONLY,81,19,1.9880537276242485,1.3052704753037103,1.6737273679068223,1.190035480221395,2.4377130979937456,0.1133903405306799,6.798518425225306,ATG
SENSITIVITY_AUGMENTED,rms_accel_norm_s2,DESCRIPTIVE_ONLY,88,20,2.136940626791449,1.4042880888563625,1.6845214754152775,1.1131867061666036,2.853875468918182,0.1059423825829154,6.786558659463202,CON
SENSITIVITY_AUGMENTED,rms_accel_norm_s2,DESCRIPTIVE_ONLY,87,18,2.565155486816803,1.376589862319343,2.209506728348332,1.6286883990066174,3.3192743657540618,0.1490280043989077,6.080132496853187,MST
SENSITIVITY_AUGMENTED,peak_accel_norm_s2,DESCRIPTIVE_ONLY,81,19,38.84394833824175,31.342890963499773,25.207458912344613,14.709613670122438,58.023195743585056,0.4022759994441823,130.87552360310636,ATG
SENSITIVITY_AUGMENTED,peak_accel_norm_s2,DESCRIPTIVE_ONLY,88,20,42.69980988950618,37.26030645751703,26.059474057594947,12.176308233805962,68.91497506378485,0.3736157246946258,151.20505426108866,CON
SENSITIVITY_AUGMENTED,peak_accel_norm_s2,DESCRIPTIVE_ONLY,87,18,53.14468700421952,37.09017846591867,48.484250627029965,18.942392713677638,81.26875669532902,1.4118777919113847,155.87668276325672,MST
