dataset,hand,outcome,outcome_tier,contrast,estimate_SD_units,se,z,p,ci95_low,ci95_high,n_rows,n_participants,status,error,q_bh
GOPRO_PRIMARY,left,path_length_norm,MAIN,ATG_vs_MST,-0.8309075691926335,0.1912778908558404,-4.343981238369363,1.399234706021381e-05,-1.2058122352700806,-0.4560029031151863,92,15,PASS,,0.0001049426029516
GOPRO_PRIMARY,left,path_length_norm,MAIN,CON_vs_MST,-0.8092936782504687,0.1827910543986892,-4.427424968430358,9.536472927236231e-06,-1.1675641448718996,-0.4510232116290378,92,15,PASS,,0.0001049426029516
GOPRO_PRIMARY,left,path_length_norm,MAIN,ATG_vs_CON,-0.0216138909421648,0.1814622831627294,-0.1191095502903056,0.9051885645724383,-0.3772799659411145,0.3340521840567849,92,15,PASS,,0.9834860043948892
GOPRO_PRIMARY,left,path_efficiency,MAIN,ATG_vs_MST,-0.0016836738112672,0.3220397968256727,-0.0052281544947646,0.9958285552505772,-0.6328816755895857,0.6295143279670513,92,15,PASS,,0.9958285552505772
GOPRO_PRIMARY,left,path_efficiency,MAIN,CON_vs_MST,0.3666185545784396,0.3069029287489569,1.194574962425104,0.2322531363694339,-0.234911185769516,0.9681482949263952,92,15,PASS,,0.3483797045541508
GOPRO_PRIMARY,left,path_efficiency,MAIN,ATG_vs_CON,-0.3683022283897068,0.3058969147188357,-1.204007659666103,0.2285866180267817,-0.9678601812386248,0.2312557244592111,92,15,PASS,,0.3483797045541508
GOPRO_PRIMARY,left,mean_speed_norm_s,MAIN,ATG_vs_MST,-0.3157410112352486,0.2096315575160376,-1.5061711842268464,0.1320232346781339,-0.7266188639666824,0.095136841496185,92,15,PASS,,0.316285479120746
GOPRO_PRIMARY,left,mean_speed_norm_s,MAIN,CON_vs_MST,-0.2848968116637622,0.2007323874708887,-1.4192867192648695,0.1558154424135268,-0.678332291106704,0.1085386677791795,92,15,PASS,,0.316285479120746
GOPRO_PRIMARY,left,mean_speed_norm_s,MAIN,ATG_vs_CON,-0.0308441995714864,0.1988470247632181,-0.1551152178827664,0.8767304852566474,-0.4205843681073939,0.358895968964421,92,15,PASS,,0.9834860043948892
GOPRO_PRIMARY,left,log_dimensionless_jerk,MAIN,ATG_vs_MST,0.1998590628652305,0.2184143380262485,0.9150455261834136,0.360167730497879,-0.2282330396662165,0.6279511653966776,92,15,PASS,,0.4911378143152895
GOPRO_PRIMARY,left,log_dimensionless_jerk,MAIN,CON_vs_MST,0.5282808672032325,0.2088449642921106,2.5295360555801003,0.0114213438436636,0.1189447371906956,0.9376169972157694,92,15,PASS,,0.0571067192183181
GOPRO_PRIMARY,left,log_dimensionless_jerk,MAIN,ATG_vs_CON,-0.328421804338002,0.207191417796402,-1.5851129734568823,0.112940668464719,-0.7345169832189499,0.0776733745429458,92,15,PASS,,0.316285479120746
GOPRO_PRIMARY,left,stillness_fraction_observed_tracking,MAIN,ATG_vs_MST,0.4919308256447132,0.3573937001571501,1.3764395551136055,0.1686855888643978,-0.2085608266633011,1.1924224779527277,92,15,PASS,,0.316285479120746
GOPRO_PRIMARY,left,stillness_fraction_observed_tracking,MAIN,CON_vs_MST,0.5269180945840852,0.3405741649584137,1.5471464039218163,0.12182794644823,-0.1406072687344056,1.194443457902576,92,15,PASS,,0.316285479120746
GOPRO_PRIMARY,left,stillness_fraction_observed_tracking,MAIN,ATG_vs_CON,-0.034987268939372,0.3395048840517353,-0.1030538015295253,0.9179202707685634,-0.7004168416807732,0.6304423038020293,92,15,PASS,,0.9834860043948892
GOPRO_PRIMARY,left,displacement_norm,SECONDARY,ATG_vs_MST,-0.2861669397224979,0.2881967847397187,-0.9929567395449814,0.3207310370011187,-0.8510326378123466,0.2786987583673507,92,15,PASS,,0.4882978058793408
GOPRO_PRIMARY,left,displacement_norm,SECONDARY,CON_vs_MST,-0.0168615786949844,0.2745511725414021,-0.061415067139958,0.9510286531681708,-0.5549818768761325,0.5212587194861638,92,15,PASS,,0.9820135418247748
GOPRO_PRIMARY,left,displacement_norm,SECONDARY,ATG_vs_CON,-0.2693053610275135,0.2739199387844267,-0.9831535529053076,0.3255318705862272,-0.8061884410449898,0.2675777189899628,92,15,PASS,,0.4882978058793408
GOPRO_PRIMARY,left,peak_speed_norm_s,SECONDARY,ATG_vs_MST,-0.534967050621698,0.301937098121488,-1.7717831096278456,0.0764305673734025,-1.1267637629398146,0.0568296616964185,92,15,PASS,,0.2292917021202077
GOPRO_PRIMARY,left,peak_speed_norm_s,SECONDARY,CON_vs_MST,-0.6440697048278183,0.2884845716083463,-2.2325967078136264,0.0255755514072099,-1.2094994651801771,-0.0786399444754596,92,15,PASS,,0.0920719850659557
GOPRO_PRIMARY,left,peak_speed_norm_s,SECONDARY,ATG_vs_CON,0.1091026542061203,0.2864518980759218,0.3808760037512599,0.7032952590720523,-0.4523430660226863,0.670548374434927,92,15,PASS,,0.9042367616640672
GOPRO_PRIMARY,left,velocity_peak_count,SECONDARY,ATG_vs_MST,-0.7732929456701371,0.1663252567849934,-4.649281537979304,3.3309328146430665e-06,-1.0992904489687243,-0.4472954423715499,92,15,PASS,,1.99855968878584e-05
GOPRO_PRIMARY,left,velocity_peak_count,SECONDARY,CON_vs_MST,-0.7697337242058874,0.1603409603299592,-4.80060567569187,1.5818647475940176e-06,-1.0840020064526077,-0.4554654419591672,92,15,PASS,,1.839183081834096e-05
GOPRO_PRIMARY,left,velocity_peak_count,SECONDARY,ATG_vs_CON,-0.0035592214642496,0.1578747345707372,-0.0225445919128684,0.9820135418247748,-0.3129937012228947,0.3058752582943954,92,15,PASS,,0.9820135418247748
GOPRO_PRIMARY,left,sparc,SECONDARY,ATG_vs_MST,0.4327463138555318,0.3063678173310549,1.412505783490682,0.1578010889799064,-0.1677346081133357,1.0332272358243997,92,15,PASS,,0.3752791559498617
GOPRO_PRIMARY,left,sparc,SECONDARY,CON_vs_MST,0.3418247138605388,0.2926651520495419,1.1679720372129414,0.2428180443971316,-0.2317989841565634,0.915448411877641,92,15,PASS,,0.4370724799148369
GOPRO_PRIMARY,left,sparc,SECONDARY,ATG_vs_CON,0.090921599994993,0.2906650308814333,0.3128054300831301,0.7544284896655435,-0.4787818605326162,0.6606250605226023,92,15,PASS,,0.9053141875986522
GOPRO_PRIMARY,left,stillness_episode_count,SECONDARY,ATG_vs_MST,-0.7404004065233895,0.1941723343007408,-3.813109674917086,0.00013722917859,-1.1209781817528417,-0.3598226312939375,92,15,PASS,,0.000617531303655
GOPRO_PRIMARY,left,stillness_episode_count,SECONDARY,CON_vs_MST,-0.8897431641796825,0.1873510110082828,-4.74907052484679,2.04353675759344e-06,-1.2569511457559168,-0.5225351826034481,92,15,PASS,,1.839183081834096e-05
GOPRO_PRIMARY,left,stillness_episode_count,SECONDARY,ATG_vs_CON,0.149342757656293,0.1843337336831249,0.810175949199931,0.4178390582944452,-0.2119513603626318,0.5106368756752179,92,15,PASS,,0.5785463884076933
GOPRO_PRIMARY,left,longest_stillness_sec,SECONDARY,ATG_vs_MST,-0.2944284133482721,0.2129543074349446,-1.3825896122726562,0.1667907359777163,-0.7118188559207637,0.1229620292242193,92,15,PASS,,0.3752791559498617
GOPRO_PRIMARY,left,longest_stillness_sec,SECONDARY,CON_vs_MST,-0.036478683306225,0.2048021938889532,-0.1781166627834285,0.8586313562666783,-0.4378909833285733,0.3649336167161233,92,15,PASS,,0.9659602758000132
GOPRO_PRIMARY,left,longest_stillness_sec,SECONDARY,ATG_vs_CON,-0.2579497300420471,0.2020642373942738,-1.2765729025999184,0.2017530735730992,-0.6539956353348239,0.1380961752507296,92,15,PASS,,0.4035061471461985
GOPRO_PRIMARY,right,path_length_norm,MAIN,ATG_vs_MST,-0.8891708258986192,0.1113002744961962,-7.988936504635551,1.3610776980572938e-15,-1.1073193639111638,-0.6710222878860745,159,18,PASS,,1.0208082735429704e-14
GOPRO_PRIMARY,right,path_length_norm,MAIN,CON_vs_MST,-1.1490787535693543,0.1057229936633676,-10.868768597568598,1.623775808547614e-27,-1.3562958211495553,-0.941861685989154,159,18,PASS,,2.435663712821421e-26
GOPRO_PRIMARY,right,path_length_norm,MAIN,ATG_vs_CON,0.2599079276707353,0.1104412024973143,2.353360175311887,0.0186046034723367,0.0434431707759992,0.4763726845654714,159,18,PASS,,0.0232557543404209
GOPRO_PRIMARY,right,path_efficiency,MAIN,ATG_vs_MST,0.4032092430343976,0.1390534900785486,2.899670068019381,0.0037355563420125,0.1306644024804422,0.675754083588353,159,18,PASS,,0.0050939404663807
GOPRO_PRIMARY,right,path_efficiency,MAIN,CON_vs_MST,0.3942872486443626,0.1323577261733512,2.9789515130228037,0.00289236543571,0.1348661053445941,0.6537083919441311,159,18,PASS,,0.0048206090595167
GOPRO_PRIMARY,right,path_efficiency,MAIN,ATG_vs_CON,0.0089219943900349,0.138467857057668,0.0644336857637598,0.9486249083840652,-0.2624750054429943,0.2803189942230643,159,18,PASS,,0.9486249083840652
GOPRO_PRIMARY,right,mean_speed_norm_s,MAIN,ATG_vs_MST,-0.86232253569655,0.1275873558940906,-6.758683332322978,1.3925136899625996e-11,-1.1123937532489676,-0.6122513181441325,159,18,PASS,,5.221926337359748e-11
GOPRO_PRIMARY,right,mean_speed_norm_s,MAIN,CON_vs_MST,-0.8462940496502098,0.1212919596628962,-6.97733017095522,3.008421364825861e-12,-1.0840262905894866,-0.6085618087109331,159,18,PASS,,1.5042106824129303e-11
GOPRO_PRIMARY,right,mean_speed_norm_s,MAIN,ATG_vs_CON,-0.0160284860463402,0.1267761926654871,-0.1264313567818931,0.8993904821782912,-0.2645098236706949,0.2324528515780144,159,18,PASS,,0.9486249083840652
GOPRO_PRIMARY,right,log_dimensionless_jerk,MAIN,ATG_vs_MST,-0.5313239833517447,0.1522556515015682,-3.4896831619171254,0.0004835935310862,-0.8297450602948185,-0.2329029064086708,159,18,PASS,,0.0010362718523276
GOPRO_PRIMARY,right,log_dimensionless_jerk,MAIN,CON_vs_MST,-0.5189307558375017,0.1448488626623646,-3.582567003284678,0.0003402343095633,-0.8028345266557364,-0.2350269850192669,159,18,PASS,,0.0008505857739083
GOPRO_PRIMARY,right,log_dimensionless_jerk,MAIN,ATG_vs_CON,-0.0123932275142429,0.1514778081231002,-0.0818154663564413,0.9347934569336434,-0.3092897314355194,0.2845032764070334,159,18,PASS,,0.9486249083840652
GOPRO_PRIMARY,right,stillness_fraction_observed_tracking,MAIN,ATG_vs_MST,0.2274241603185015,0.0776915019739938,2.9272720251261,0.0034194965128611,0.0751488164494735,0.3796995041875295,159,18,PASS,,0.0050939404663807
GOPRO_PRIMARY,right,stillness_fraction_observed_tracking,MAIN,CON_vs_MST,0.4832680162923141,0.0736777299567663,6.559214250709043,5.4092038636735167e-11,0.3388596655770521,0.627676367007576,159,18,PASS,,1.622761159102055e-10
GOPRO_PRIMARY,right,stillness_fraction_observed_tracking,MAIN,ATG_vs_CON,-0.2558438559738126,0.0768850442366836,-3.32761538363977,0.0008759270717539,-0.4065385426777124,-0.1051491692699127,159,18,PASS,,0.0016423632595386
GOPRO_PRIMARY,right,displacement_norm,SECONDARY,ATG_vs_MST,-0.25509545542552,0.1626259102459297,-1.5686027831589315,0.1167405235478606,-0.5738422395075424,0.0636513286565023,159,18,PASS,,0.3775504067625549
GOPRO_PRIMARY,right,displacement_norm,SECONDARY,CON_vs_MST,-0.5015857480154107,0.1555291486410495,-3.225027285226357,0.0012596066326527,-0.8064228793518677,-0.1967486166789535,159,18,PASS,,0.011336459693875
GOPRO_PRIMARY,right,displacement_norm,SECONDARY,ATG_vs_CON,0.2464902925898906,0.1632794134543199,1.5096225995376344,0.1311397513492204,-0.0735373577805764,0.5665179429603577,159,18,PASS,,0.3775504067625549
GOPRO_PRIMARY,right,peak_speed_norm_s,SECONDARY,ATG_vs_MST,-0.253915939888608,0.1259115948882198,-2.0166207894834964,0.0437351017905807,-0.5007026658695188,-0.0071292139076971,159,18,PASS,,0.1968079580576132
GOPRO_PRIMARY,right,peak_speed_norm_s,SECONDARY,CON_vs_MST,-0.1312259707961851,0.1205005742369517,-1.0890070161669352,0.2761507916949941,-0.3674070963006106,0.1049551547082403,159,18,PASS,,0.5438587904623532
GOPRO_PRIMARY,right,peak_speed_norm_s,SECONDARY,ATG_vs_CON,-0.1226899690924228,0.1265660619991726,-0.9693749426542552,0.3323581497269936,-0.3707594506108013,0.1253795124259555,159,18,PASS,,0.5438587904623532
GOPRO_PRIMARY,right,velocity_peak_count,SECONDARY,ATG_vs_MST,-0.1953587390195069,0.1447622159868545,-1.3495147037348951,0.177171700731885,-0.4790926823537419,0.088375204314728,159,18,PASS,,0.3986363266467413
GOPRO_PRIMARY,right,velocity_peak_count,SECONDARY,CON_vs_MST,-0.5082088730682898,0.1372907416171032,-3.7016980685096574,0.0002141613780267,-0.7772987266378122,-0.2391190194987673,159,18,PASS,,0.0038549048044808
GOPRO_PRIMARY,right,velocity_peak_count,SECONDARY,ATG_vs_CON,0.3128501340487828,0.1432718571821249,2.18361191235968,0.0289907774746794,0.0320372939718179,0.5936629741257478,159,18,PASS,,0.1739446648480766
GOPRO_PRIMARY,right,sparc,SECONDARY,ATG_vs_MST,-0.1410697298581958,0.1409099737821867,-1.0011337456939418,0.3167621523530405,-0.4172532784712819,0.1351138187548902,159,18,PASS,,0.5438587904623532
GOPRO_PRIMARY,right,sparc,SECONDARY,CON_vs_MST,-0.1947442420124585,0.1342288594848496,-1.4508373442183589,0.146825158185438,-0.4578328066027638,0.0683443225778467,159,18,PASS,,0.3775504067625549
GOPRO_PRIMARY,right,sparc,SECONDARY,ATG_vs_CON,0.0536745121542627,0.1405064920357731,0.3820073462555534,0.7024559156133137,-0.2217182122358525,0.329067236544378,159,18,PASS,,0.7816134801659123
GOPRO_PRIMARY,right,stillness_episode_count,SECONDARY,ATG_vs_MST,0.0534956174440335,0.1600464650194381,0.3342505405385637,0.7381905090455838,-0.2601954539940651,0.3671866888821322,159,18,PASS,,0.7816134801659123
GOPRO_PRIMARY,right,stillness_episode_count,SECONDARY,CON_vs_MST,-0.080439675089284,0.1523754943700094,-0.5279042763526954,0.5975657764766478,-0.3790956440545024,0.2182162938759344,159,18,PASS,,0.7551886135442144
GOPRO_PRIMARY,right,stillness_episode_count,SECONDARY,ATG_vs_CON,0.1339352925333175,0.1594373732718799,0.840049542869255,0.4008806090253752,-0.1785619590795671,0.4464325441462022,159,18,PASS,,0.6013209135380629
GOPRO_PRIMARY,right,longest_stillness_sec,SECONDARY,ATG_vs_MST,-0.0835211034089822,0.1377327302874909,-0.6063998240261972,0.5442492852981224,-0.3534772547724644,0.1864350479545,159,18,PASS,,0.7535759334897081
GOPRO_PRIMARY,right,longest_stillness_sec,SECONDARY,CON_vs_MST,-0.0630818296874982,0.1306911232191315,-0.4826787629771005,0.6293238446201787,-0.3192364311969959,0.1930727718219995,159,18,PASS,,0.7551886135442144
GOPRO_PRIMARY,right,longest_stillness_sec,SECONDARY,ATG_vs_CON,-0.0204392737214839,0.1364278945503385,-0.1498174093271108,0.880908673724428,-0.2878379470401474,0.2469593995971795,159,18,PASS,,0.880908673724428
